{
  "tags": [
    {
      "yr_qtr": "2018-09-30",
      "overall_spend_very_low": 0,
      "overall_spend_low": 0,
      "overall_spend_medium": 0,
      "overall_spend_high": 0,
      "overall_spend_very_high": 0,
      "overall_trans_very_low": 0,
      "overall_trans_low": 0,
      "overall_trans_medium": 0,
      "overall_trans_high": 0,
      "overall_trans_very_high": 0,
      "event_tickets_spend_very_low": 0,
      "event_tickets_spend_low": 0,
      "event_tickets_spend_medium": 0,
      "event_tickets_spend_high": 0,
      "event_tickets_spend_very_high": 0,
      "event_tickets_trans_very_low": 0,
      "event_tickets_trans_low": 0,
      "event_tickets_trans_medium": 0,
      "event_tickets_trans_very_high": 0,
      "entertainment_physical_spend_very_low": 0,
      "entertainment_physical_spend_low": 0,
      "entertainment_physical_spend_medium": 0,
      "entertainment_physical_spend_high": 0,
      "entertainment_physical_spend_very_high": 0,
      "entertainment_physical_trans_very_low": 0,
      "entertainment_physical_trans_low": 0,
      "entertainment_physical_trans_medium": 0,
      "entertainment_physical_trans_high": 0,
      "entertainment_physical_trans_very_high": 0,
      "entertainment_general_spend_very_low": 0,
      "entertainment_general_spend_low": 0,
      "entertainment_general_spend_medium": 0,
      "entertainment_general_spend_high": 0,
      "entertainment_general_spend_very_high": 0,
      "restaurants_spend_very_low": 0,
      "restaurants_spend_low": 0,
      "restaurants_spend_medium": 0,
      "restaurants_spend_high": 0,
      "restaurants_spend_very_high": 0,
      "restaurants_trans_very_low": 0,
      "restaurants_trans_low": 0,
      "restaurants_trans_medium": 0,
      "restaurants_trans_high": 0,
      "restaurants_trans_very_high": 0,
      "cc_luxury_travel_trans_very_low": 0,
      "cc_luxury_travel_trans_low": 0,
      "cc_luxury_travel_trans_medium": 0,
      "cc_luxury_travel_trans_high": 0,
      "cc_luxury_travel_trans_very_high": 0,
      "sc_video_pc_game_stores_spend_very_low": 0,
      "sc_video_pc_game_stores_spend_low": 0,
      "sc_video_pc_game_stores_spend_medium": 0,
      "sc_video_pc_game_stores_spend_high": 0,
      "sc_video_pc_game_stores_spend_very_high": 0,
      "sc_ride_sharing_trans_very_low": 0,
      "sc_ride_sharing_trans_low": 0,
      "sc_ride_sharing_trans_medium": 0,
      "sc_ride_sharing_trans_high": 0,
      "sc_ride_sharing_trans_very_high": 0,
      "cc_movies_trans_very_low": 0,
      "cc_movies_trans_low": 0,
      "cc_movies_trans_medium": 0,
      "cc_movies_trans_high": 0,
      "cc_movies_trans_very_high": 0,
      "avg_event_tickets_spend_very_low": 0,
      "avg_event_tickets_spend_low": 0,
      "avg_event_tickets_spend_medium": 0,
      "avg_event_tickets_spend_high": 0,
      "avg_event_tickets_spend_very_high": 0,
      "avg_spend_very_low": 0,
      "avg_spend_low": 0,
      "avg_spend_medium": 0,
      "avg_spend_high": 0,
      "avg_spend_very_high": 0
    },
    {
      "yr_qtr": "2018-12-31",
      "overall_spend_very_low": 0,
      "overall_spend_low": 0,
      "overall_spend_medium": 0,
      "overall_spend_high": 0,
      "overall_spend_very_high": 0,
      "overall_trans_very_low": 0,
      "overall_trans_low": 0,
      "overall_trans_medium": 0,
      "overall_trans_high": 0,
      "overall_trans_very_high": 0,
      "event_tickets_spend_very_low": 0,
      "event_tickets_spend_low": 0,
      "event_tickets_spend_medium": 0,
      "event_tickets_spend_high": 0,
      "event_tickets_spend_very_high": 0,
      "event_tickets_trans_very_low": 0,
      "event_tickets_trans_low": 0,
      "event_tickets_trans_medium": 0,
      "event_tickets_trans_very_high": 0,
      "entertainment_physical_spend_very_low": 0,
      "entertainment_physical_spend_low": 0,
      "entertainment_physical_spend_medium": 0,
      "entertainment_physical_spend_high": 0,
      "entertainment_physical_spend_very_high": 0,
      "entertainment_physical_trans_very_low": 0,
      "entertainment_physical_trans_low": 0,
      "entertainment_physical_trans_medium": 0,
      "entertainment_physical_trans_high": 0,
      "entertainment_physical_trans_very_high": 0,
      "entertainment_general_spend_very_low": 0,
      "entertainment_general_spend_low": 0,
      "entertainment_general_spend_medium": 0,
      "entertainment_general_spend_high": 0,
      "entertainment_general_spend_very_high": 0,
      "restaurants_spend_very_low": 0,
      "restaurants_spend_low": 0,
      "restaurants_spend_medium": 0,
      "restaurants_spend_high": 0,
      "restaurants_spend_very_high": 0,
      "restaurants_trans_very_low": 0,
      "restaurants_trans_low": 0,
      "restaurants_trans_medium": 0,
      "restaurants_trans_high": 0,
      "restaurants_trans_very_high": 0,
      "cc_luxury_travel_trans_very_low": 0,
      "cc_luxury_travel_trans_low": 0,
      "cc_luxury_travel_trans_medium": 0,
      "cc_luxury_travel_trans_high": 0,
      "cc_luxury_travel_trans_very_high": 0,
      "sc_video_pc_game_stores_spend_very_low": 0,
      "sc_video_pc_game_stores_spend_low": 0,
      "sc_video_pc_game_stores_spend_medium": 0,
      "sc_video_pc_game_stores_spend_high": 0,
      "sc_video_pc_game_stores_spend_very_high": 0,
      "sc_ride_sharing_trans_very_low": 0,
      "sc_ride_sharing_trans_low": 0,
      "sc_ride_sharing_trans_medium": 0,
      "sc_ride_sharing_trans_high": 0,
      "sc_ride_sharing_trans_very_high": 0,
      "cc_movies_trans_very_low": 0,
      "cc_movies_trans_low": 0,
      "cc_movies_trans_medium": 0,
      "cc_movies_trans_high": 0,
      "cc_movies_trans_very_high": 0,
      "avg_event_tickets_spend_very_low": 0,
      "avg_event_tickets_spend_low": 0,
      "avg_event_tickets_spend_medium": 0,
      "avg_event_tickets_spend_high": 0,
      "avg_event_tickets_spend_very_high": 0,
      "avg_spend_very_low": 0,
      "avg_spend_low": 0,
      "avg_spend_medium": 0,
      "avg_spend_high": 0,
      "avg_spend_very_high": 0
    },
    {
      "yr_qtr": "2019-03-31",
      "overall_spend_very_low": 0,
      "overall_spend_low": 0,
      "overall_spend_medium": 0,
      "overall_spend_high": 0,
      "overall_spend_very_high": 0,
      "overall_trans_very_low": 0,
      "overall_trans_low": 0,
      "overall_trans_medium": 0,
      "overall_trans_high": 0,
      "overall_trans_very_high": 0,
      "event_tickets_spend_very_low": 0,
      "event_tickets_spend_low": 0,
      "event_tickets_spend_medium": 0,
      "event_tickets_spend_high": 0,
      "event_tickets_spend_very_high": 0,
      "event_tickets_trans_very_low": 0,
      "event_tickets_trans_low": 0,
      "event_tickets_trans_medium": 0,
      "event_tickets_trans_very_high": 0,
      "entertainment_physical_spend_very_low": 0,
      "entertainment_physical_spend_low": 0,
      "entertainment_physical_spend_medium": 0,
      "entertainment_physical_spend_high": 0,
      "entertainment_physical_spend_very_high": 0,
      "entertainment_physical_trans_very_low": 0,
      "entertainment_physical_trans_low": 0,
      "entertainment_physical_trans_medium": 0,
      "entertainment_physical_trans_high": 0,
      "entertainment_physical_trans_very_high": 0,
      "entertainment_general_spend_very_low": 0,
      "entertainment_general_spend_low": 0,
      "entertainment_general_spend_medium": 0,
      "entertainment_general_spend_high": 0,
      "entertainment_general_spend_very_high": 0,
      "restaurants_spend_very_low": 0,
      "restaurants_spend_low": 0,
      "restaurants_spend_medium": 0,
      "restaurants_spend_high": 0,
      "restaurants_spend_very_high": 0,
      "restaurants_trans_very_low": 0,
      "restaurants_trans_low": 0,
      "restaurants_trans_medium": 0,
      "restaurants_trans_high": 0,
      "restaurants_trans_very_high": 0,
      "cc_luxury_travel_trans_very_low": 0,
      "cc_luxury_travel_trans_low": 0,
      "cc_luxury_travel_trans_medium": 0,
      "cc_luxury_travel_trans_high": 0,
      "cc_luxury_travel_trans_very_high": 0,
      "sc_video_pc_game_stores_spend_very_low": 0,
      "sc_video_pc_game_stores_spend_low": 0,
      "sc_video_pc_game_stores_spend_medium": 0,
      "sc_video_pc_game_stores_spend_high": 0,
      "sc_video_pc_game_stores_spend_very_high": 0,
      "sc_ride_sharing_trans_very_low": 0,
      "sc_ride_sharing_trans_low": 0,
      "sc_ride_sharing_trans_medium": 0,
      "sc_ride_sharing_trans_high": 0,
      "sc_ride_sharing_trans_very_high": 0,
      "cc_movies_trans_very_low": 0,
      "cc_movies_trans_low": 0,
      "cc_movies_trans_medium": 0,
      "cc_movies_trans_high": 0,
      "cc_movies_trans_very_high": 0,
      "avg_event_tickets_spend_very_low": 0,
      "avg_event_tickets_spend_low": 0,
      "avg_event_tickets_spend_medium": 0,
      "avg_event_tickets_spend_high": 0,
      "avg_event_tickets_spend_very_high": 0,
      "avg_spend_very_low": 0,
      "avg_spend_low": 0,
      "avg_spend_medium": 0,
      "avg_spend_high": 0,
      "avg_spend_very_high": 0
    },
    {
      "yr_qtr": "2019-06-30",
      "overall_spend_very_low": 0,
      "overall_spend_low": 0,
      "overall_spend_medium": 0,
      "overall_spend_high": 0,
      "overall_spend_very_high": 0,
      "overall_trans_very_low": 0,
      "overall_trans_low": 0,
      "overall_trans_medium": 0,
      "overall_trans_high": 0,
      "overall_trans_very_high": 0,
      "event_tickets_spend_very_low": 0,
      "event_tickets_spend_low": 0,
      "event_tickets_spend_medium": 0,
      "event_tickets_spend_high": 0,
      "event_tickets_spend_very_high": 0,
      "event_tickets_trans_very_low": 0,
      "event_tickets_trans_low": 0,
      "event_tickets_trans_medium": 0,
      "event_tickets_trans_very_high": 0,
      "entertainment_physical_spend_very_low": 0,
      "entertainment_physical_spend_low": 0,
      "entertainment_physical_spend_medium": 0,
      "entertainment_physical_spend_high": 0,
      "entertainment_physical_spend_very_high": 0,
      "entertainment_physical_trans_very_low": 0,
      "entertainment_physical_trans_low": 0,
      "entertainment_physical_trans_medium": 0,
      "entertainment_physical_trans_high": 0,
      "entertainment_physical_trans_very_high": 0,
      "entertainment_general_spend_very_low": 0,
      "entertainment_general_spend_low": 0,
      "entertainment_general_spend_medium": 0,
      "entertainment_general_spend_high": 0,
      "entertainment_general_spend_very_high": 0,
      "restaurants_spend_very_low": 0,
      "restaurants_spend_low": 0,
      "restaurants_spend_medium": 0,
      "restaurants_spend_high": 0,
      "restaurants_spend_very_high": 0,
      "restaurants_trans_very_low": 0,
      "restaurants_trans_low": 0,
      "restaurants_trans_medium": 0,
      "restaurants_trans_high": 0,
      "restaurants_trans_very_high": 0,
      "cc_luxury_travel_trans_very_low": 0,
      "cc_luxury_travel_trans_low": 0,
      "cc_luxury_travel_trans_medium": 0,
      "cc_luxury_travel_trans_high": 0,
      "cc_luxury_travel_trans_very_high": 0,
      "sc_video_pc_game_stores_spend_very_low": 0,
      "sc_video_pc_game_stores_spend_low": 0,
      "sc_video_pc_game_stores_spend_medium": 0,
      "sc_video_pc_game_stores_spend_high": 0,
      "sc_video_pc_game_stores_spend_very_high": 0,
      "sc_ride_sharing_trans_very_low": 0,
      "sc_ride_sharing_trans_low": 0,
      "sc_ride_sharing_trans_medium": 0,
      "sc_ride_sharing_trans_high": 0,
      "sc_ride_sharing_trans_very_high": 0,
      "cc_movies_trans_very_low": 0,
      "cc_movies_trans_low": 0,
      "cc_movies_trans_medium": 0,
      "cc_movies_trans_high": 0,
      "cc_movies_trans_very_high": 0,
      "avg_event_tickets_spend_very_low": 0,
      "avg_event_tickets_spend_low": 0,
      "avg_event_tickets_spend_medium": 0,
      "avg_event_tickets_spend_high": 0,
      "avg_event_tickets_spend_very_high": 0,
      "avg_spend_very_low": 0,
      "avg_spend_low": 0,
      "avg_spend_medium": 0,
      "avg_spend_high": 0,
      "avg_spend_very_high": 0
    },
    {
      "yr_qtr": "2019-09-30",
      "overall_spend_very_low": 0,
      "overall_spend_low": 0,
      "overall_spend_medium": 0,
      "overall_spend_high": 0,
      "overall_spend_very_high": 0,
      "overall_trans_very_low": 0,
      "overall_trans_low": 0,
      "overall_trans_medium": 0,
      "overall_trans_high": 0,
      "overall_trans_very_high": 0,
      "event_tickets_spend_very_low": 0,
      "event_tickets_spend_low": 0,
      "event_tickets_spend_medium": 0,
      "event_tickets_spend_high": 0,
      "event_tickets_spend_very_high": 0,
      "event_tickets_trans_very_low": 0,
      "event_tickets_trans_low": 0,
      "event_tickets_trans_medium": 0,
      "event_tickets_trans_very_high": 0,
      "entertainment_physical_spend_very_low": 0,
      "entertainment_physical_spend_low": 0,
      "entertainment_physical_spend_medium": 0,
      "entertainment_physical_spend_high": 0,
      "entertainment_physical_spend_very_high": 0,
      "entertainment_physical_trans_very_low": 0,
      "entertainment_physical_trans_low": 0,
      "entertainment_physical_trans_medium": 0,
      "entertainment_physical_trans_high": 0,
      "entertainment_physical_trans_very_high": 0,
      "entertainment_general_spend_very_low": 0,
      "entertainment_general_spend_low": 0,
      "entertainment_general_spend_medium": 0,
      "entertainment_general_spend_high": 0,
      "entertainment_general_spend_very_high": 0,
      "restaurants_spend_very_low": 0,
      "restaurants_spend_low": 0,
      "restaurants_spend_medium": 0,
      "restaurants_spend_high": 0,
      "restaurants_spend_very_high": 0,
      "restaurants_trans_very_low": 0,
      "restaurants_trans_low": 0,
      "restaurants_trans_medium": 0,
      "restaurants_trans_high": 0,
      "restaurants_trans_very_high": 0,
      "cc_luxury_travel_trans_very_low": 0,
      "cc_luxury_travel_trans_low": 0,
      "cc_luxury_travel_trans_medium": 0,
      "cc_luxury_travel_trans_high": 0,
      "cc_luxury_travel_trans_very_high": 0,
      "sc_video_pc_game_stores_spend_very_low": 0,
      "sc_video_pc_game_stores_spend_low": 0,
      "sc_video_pc_game_stores_spend_medium": 0,
      "sc_video_pc_game_stores_spend_high": 0,
      "sc_video_pc_game_stores_spend_very_high": 0,
      "sc_ride_sharing_trans_very_low": 0,
      "sc_ride_sharing_trans_low": 0,
      "sc_ride_sharing_trans_medium": 0,
      "sc_ride_sharing_trans_high": 0,
      "sc_ride_sharing_trans_very_high": 0,
      "cc_movies_trans_very_low": 0,
      "cc_movies_trans_low": 0,
      "cc_movies_trans_medium": 0,
      "cc_movies_trans_high": 0,
      "cc_movies_trans_very_high": 0,
      "avg_event_tickets_spend_very_low": 0,
      "avg_event_tickets_spend_low": 0,
      "avg_event_tickets_spend_medium": 0,
      "avg_event_tickets_spend_high": 0,
      "avg_event_tickets_spend_very_high": 0,
      "avg_spend_very_low": 0,
      "avg_spend_low": 0,
      "avg_spend_medium": 0,
      "avg_spend_high": 0,
      "avg_spend_very_high": 0
    },
    {
      "yr_qtr": "2019-12-31",
      "overall_spend_very_low": 0,
      "overall_spend_low": 0,
      "overall_spend_medium": 0,
      "overall_spend_high": 0,
      "overall_spend_very_high": 0,
      "overall_trans_very_low": 0,
      "overall_trans_low": 0,
      "overall_trans_medium": 0,
      "overall_trans_high": 0,
      "overall_trans_very_high": 0,
      "event_tickets_spend_very_low": 0,
      "event_tickets_spend_low": 0,
      "event_tickets_spend_medium": 0,
      "event_tickets_spend_high": 0,
      "event_tickets_spend_very_high": 0,
      "event_tickets_trans_very_low": 0,
      "event_tickets_trans_low": 0,
      "event_tickets_trans_medium": 0,
      "event_tickets_trans_very_high": 0,
      "entertainment_physical_spend_very_low": 0,
      "entertainment_physical_spend_low": 0,
      "entertainment_physical_spend_medium": 0,
      "entertainment_physical_spend_high": 0,
      "entertainment_physical_spend_very_high": 0,
      "entertainment_physical_trans_very_low": 0,
      "entertainment_physical_trans_low": 0,
      "entertainment_physical_trans_medium": 0,
      "entertainment_physical_trans_high": 0,
      "entertainment_physical_trans_very_high": 0,
      "entertainment_general_spend_very_low": 0,
      "entertainment_general_spend_low": 0,
      "entertainment_general_spend_medium": 0,
      "entertainment_general_spend_high": 0,
      "entertainment_general_spend_very_high": 0,
      "restaurants_spend_very_low": 0,
      "restaurants_spend_low": 0,
      "restaurants_spend_medium": 0,
      "restaurants_spend_high": 0,
      "restaurants_spend_very_high": 0,
      "restaurants_trans_very_low": 0,
      "restaurants_trans_low": 0,
      "restaurants_trans_medium": 0,
      "restaurants_trans_high": 0,
      "restaurants_trans_very_high": 0,
      "cc_luxury_travel_trans_very_low": 0,
      "cc_luxury_travel_trans_low": 0,
      "cc_luxury_travel_trans_medium": 0,
      "cc_luxury_travel_trans_high": 0,
      "cc_luxury_travel_trans_very_high": 0,
      "sc_video_pc_game_stores_spend_very_low": 0,
      "sc_video_pc_game_stores_spend_low": 0,
      "sc_video_pc_game_stores_spend_medium": 0,
      "sc_video_pc_game_stores_spend_high": 0,
      "sc_video_pc_game_stores_spend_very_high": 0,
      "sc_ride_sharing_trans_very_low": 0,
      "sc_ride_sharing_trans_low": 0,
      "sc_ride_sharing_trans_medium": 0,
      "sc_ride_sharing_trans_high": 0,
      "sc_ride_sharing_trans_very_high": 0,
      "cc_movies_trans_very_low": 0,
      "cc_movies_trans_low": 0,
      "cc_movies_trans_medium": 0,
      "cc_movies_trans_high": 0,
      "cc_movies_trans_very_high": 0,
      "avg_event_tickets_spend_very_low": 0,
      "avg_event_tickets_spend_low": 0,
      "avg_event_tickets_spend_medium": 0,
      "avg_event_tickets_spend_high": 0,
      "avg_event_tickets_spend_very_high": 0,
      "avg_spend_very_low": 0,
      "avg_spend_low": 0,
      "avg_spend_medium": 0,
      "avg_spend_high": 0,
      "avg_spend_very_high": 0
    },
    {
      "yr_qtr": "2020-03-31",
      "overall_spend_very_low": 0,
      "overall_spend_low": 0,
      "overall_spend_medium": 0,
      "overall_spend_high": 0,
      "overall_spend_very_high": 0,
      "overall_trans_very_low": 0,
      "overall_trans_low": 0,
      "overall_trans_medium": 0,
      "overall_trans_high": 0,
      "overall_trans_very_high": 0,
      "event_tickets_spend_very_low": 0,
      "event_tickets_spend_low": 0,
      "event_tickets_spend_medium": 0,
      "event_tickets_spend_high": 0,
      "event_tickets_spend_very_high": 0,
      "event_tickets_trans_very_low": 0,
      "event_tickets_trans_low": 0,
      "event_tickets_trans_medium": 0,
      "event_tickets_trans_very_high": 0,
      "entertainment_physical_spend_very_low": 0,
      "entertainment_physical_spend_low": 0,
      "entertainment_physical_spend_medium": 0,
      "entertainment_physical_spend_high": 0,
      "entertainment_physical_spend_very_high": 0,
      "entertainment_physical_trans_very_low": 0,
      "entertainment_physical_trans_low": 0,
      "entertainment_physical_trans_medium": 0,
      "entertainment_physical_trans_high": 0,
      "entertainment_physical_trans_very_high": 0,
      "entertainment_general_spend_very_low": 0,
      "entertainment_general_spend_low": 0,
      "entertainment_general_spend_medium": 0,
      "entertainment_general_spend_high": 0,
      "entertainment_general_spend_very_high": 0,
      "restaurants_spend_very_low": 0,
      "restaurants_spend_low": 0,
      "restaurants_spend_medium": 0,
      "restaurants_spend_high": 0,
      "restaurants_spend_very_high": 0,
      "restaurants_trans_very_low": 0,
      "restaurants_trans_low": 0,
      "restaurants_trans_medium": 0,
      "restaurants_trans_high": 0,
      "restaurants_trans_very_high": 0,
      "cc_luxury_travel_trans_very_low": 0,
      "cc_luxury_travel_trans_low": 0,
      "cc_luxury_travel_trans_medium": 0,
      "cc_luxury_travel_trans_high": 0,
      "cc_luxury_travel_trans_very_high": 0,
      "sc_video_pc_game_stores_spend_very_low": 0,
      "sc_video_pc_game_stores_spend_low": 0,
      "sc_video_pc_game_stores_spend_medium": 0,
      "sc_video_pc_game_stores_spend_high": 0,
      "sc_video_pc_game_stores_spend_very_high": 0,
      "sc_ride_sharing_trans_very_low": 0,
      "sc_ride_sharing_trans_low": 0,
      "sc_ride_sharing_trans_medium": 0,
      "sc_ride_sharing_trans_high": 0,
      "sc_ride_sharing_trans_very_high": 0,
      "cc_movies_trans_very_low": 0,
      "cc_movies_trans_low": 0,
      "cc_movies_trans_medium": 0,
      "cc_movies_trans_high": 0,
      "cc_movies_trans_very_high": 0,
      "avg_event_tickets_spend_very_low": 0,
      "avg_event_tickets_spend_low": 0,
      "avg_event_tickets_spend_medium": 0,
      "avg_event_tickets_spend_high": 0,
      "avg_event_tickets_spend_very_high": 0,
      "avg_spend_very_low": 0,
      "avg_spend_low": 0,
      "avg_spend_medium": 0,
      "avg_spend_high": 0,
      "avg_spend_very_high": 0
    },
    {
      "yr_qtr": "2020-06-30",
      "overall_spend_very_low": 0,
      "overall_spend_low": 0,
      "overall_spend_medium": 0,
      "overall_spend_high": 0,
      "overall_spend_very_high": 0,
      "overall_trans_very_low": 0,
      "overall_trans_low": 0,
      "overall_trans_medium": 0,
      "overall_trans_high": 0,
      "overall_trans_very_high": 0,
      "event_tickets_spend_very_low": 0,
      "event_tickets_spend_low": 0,
      "event_tickets_spend_medium": 0,
      "event_tickets_spend_high": 0,
      "event_tickets_spend_very_high": 0,
      "event_tickets_trans_very_low": 0,
      "event_tickets_trans_low": 0,
      "event_tickets_trans_medium": 0,
      "event_tickets_trans_very_high": 0,
      "entertainment_physical_spend_very_low": 0,
      "entertainment_physical_spend_low": 0,
      "entertainment_physical_spend_medium": 0,
      "entertainment_physical_spend_high": 0,
      "entertainment_physical_spend_very_high": 0,
      "entertainment_physical_trans_very_low": 0,
      "entertainment_physical_trans_low": 0,
      "entertainment_physical_trans_medium": 0,
      "entertainment_physical_trans_high": 0,
      "entertainment_physical_trans_very_high": 0,
      "entertainment_general_spend_very_low": 0,
      "entertainment_general_spend_low": 0,
      "entertainment_general_spend_medium": 0,
      "entertainment_general_spend_high": 0,
      "entertainment_general_spend_very_high": 0,
      "restaurants_spend_very_low": 0,
      "restaurants_spend_low": 0,
      "restaurants_spend_medium": 0,
      "restaurants_spend_high": 0,
      "restaurants_spend_very_high": 0,
      "restaurants_trans_very_low": 0,
      "restaurants_trans_low": 0,
      "restaurants_trans_medium": 0,
      "restaurants_trans_high": 0,
      "restaurants_trans_very_high": 0,
      "cc_luxury_travel_trans_very_low": 0,
      "cc_luxury_travel_trans_low": 0,
      "cc_luxury_travel_trans_medium": 0,
      "cc_luxury_travel_trans_high": 0,
      "cc_luxury_travel_trans_very_high": 0,
      "sc_video_pc_game_stores_spend_very_low": 0,
      "sc_video_pc_game_stores_spend_low": 0,
      "sc_video_pc_game_stores_spend_medium": 0,
      "sc_video_pc_game_stores_spend_high": 0,
      "sc_video_pc_game_stores_spend_very_high": 0,
      "sc_ride_sharing_trans_very_low": 0,
      "sc_ride_sharing_trans_low": 0,
      "sc_ride_sharing_trans_medium": 0,
      "sc_ride_sharing_trans_high": 0,
      "sc_ride_sharing_trans_very_high": 0,
      "cc_movies_trans_very_low": 0,
      "cc_movies_trans_low": 0,
      "cc_movies_trans_medium": 0,
      "cc_movies_trans_high": 0,
      "cc_movies_trans_very_high": 0,
      "avg_event_tickets_spend_very_low": 0,
      "avg_event_tickets_spend_low": 0,
      "avg_event_tickets_spend_medium": 0,
      "avg_event_tickets_spend_high": 0,
      "avg_event_tickets_spend_very_high": 0,
      "avg_spend_very_low": 0,
      "avg_spend_low": 0,
      "avg_spend_medium": 0,
      "avg_spend_high": 0,
      "avg_spend_very_high": 0
    }
  ]
}