[
  {
    "platform" : "ANDROID",
    "searchTime" : "2021-07-10T23:40:05.461Z[UTC]",
    "searchQuery" : "dont know what your heart wants too",
    "searchInteractionURIs" : [
    ]
  },
  {
    "platform" : "ANDROID",
    "searchTime" : "2021-07-10T23:47:18.958Z[UTC]",
    "searchQuery" : "the kno",
    "searchInteractionURIs" : [
      "spotify:artist:2x7EATekOPhFGRx3syMGEC"
    ]
  },
  {
    "platform" : "ANDROID",
    "searchTime" : "2021-07-10T23:47:37.872Z[UTC]",
    "searchQuery" : "trouble the",
    "searchInteractionURIs" : [
    ]
  },
  {
    "platform" : "ANDROID",
    "searchTime" : "2021-08-15T23:08:24.047Z[UTC]",
    "searchQuery" : "classic rock",
    "searchInteractionURIs" : [
      "spotify:playlist:3Ho3iO0iJykgEQNbjB2sic",
      "spotify:playlist:37i9dQZF1DXdOEFt9ZX0dh",
      "spotify:playlist:37i9dQZF1DWXRqgorJj26U"
    ]
  },
  {
    "platform" : "ANDROID",
    "searchTime" : "2021-08-18T04:04:09.710Z[UTC]",
    "searchQuery" : "acou",
    "searchInteractionURIs" : [
      "spotify:playlist:37i9dQZF1DWYGZAMYFDM8S"
    ]
  },
  {
    "platform" : "ANDROID",
    "searchTime" : "2021-08-19T23:26:13.360Z[UTC]",
    "searchQuery" : "shins",
    "searchInteractionURIs" : [
      "spotify:artist:4LG4Bs1Gadht7TCrMytQUO"
    ]
  },
  {
    "platform" : "ANDROID",
    "searchTime" : "2021-08-22T02:08:29.987Z[UTC]",
    "searchQuery" : "shooterg",
    "searchInteractionURIs" : [
      "spotify:artist:0dT2U2jUx6OmKlyeQOH8AK"
    ]
  },
  {
    "platform" : "ANDROID",
    "searchTime" : "2021-08-22T02:57:49.400Z[UTC]",
    "searchQuery" : "oaklands minds",
    "searchInteractionURIs" : [
    ]
  },
  {
    "platform" : "ANDROID",
    "searchTime" : "2021-08-22T02:58:03.618Z[UTC]",
    "searchQuery" : "bay area",
    "searchInteractionURIs" : [
    ]
  },
  {
    "platform" : "ANDROID",
    "searchTime" : "2021-08-22T02:58:21.707Z[UTC]",
    "searchQuery" : "oakland",
    "searchInteractionURIs" : [
      "spotify:playlist:201UKX7jU6LfjZfHtixS8m"
    ]
  },
  {
    "platform" : "ANDROID",
    "searchTime" : "2021-08-22T03:02:11.712Z[UTC]",
    "searchQuery" : "kevin all",
    "searchInteractionURIs" : [
      "spotify:artist:31d700d8caRWNRcYWrqV1B"
    ]
  },
  {
    "platform" : "ANDROID",
    "searchTime" : "2021-08-22T22:08:13.696Z[UTC]",
    "searchQuery" : "boots ril",
    "searchInteractionURIs" : [
      "spotify:artist:4IvS1ZZ5nyiNMheybfx3Hf"
    ]
  },
  {
    "platform" : "ANDROID",
    "searchTime" : "2021-08-22T22:16:22.229Z[UTC]",
    "searchQuery" : "kev choi",
    "searchInteractionURIs" : [
      "spotify:artist:1a1ba9POHlqdk5VnQW9XN5"
    ]
  },
  {
    "platform" : "ANDROID",
    "searchTime" : "2021-08-24T01:26:54.818Z[UTC]",
    "searchQuery" : "lost dog",
    "searchInteractionURIs" : [
      "spotify:artist:6tkrcmVfWoHC4WOhE7IDyq"
    ]
  },
  {
    "platform" : "ANDROID",
    "searchTime" : "2021-08-25T03:06:41.364Z[UTC]",
    "searchQuery" : "outcast",
    "searchInteractionURIs" : [
      "spotify:playlist:37i9dQZF1E4kMz3pHspFDx",
      "spotify:artist:1G9G7WwrXka3Z1r7aIDjI7"
    ]
  },
  {
    "platform" : "ANDROID",
    "searchTime" : "2021-08-25T03:13:35.871Z[UTC]",
    "searchQuery" : "must be the mo",
    "searchInteractionURIs" : [
      "spotify:track:3Gf5nttwcX9aaSQXRWidEZ"
    ]
  },
  {
    "platform" : "ANDROID",
    "searchTime" : "2021-08-27T18:08:44.527Z[UTC]",
    "searchQuery" : "women",
    "searchInteractionURIs" : [
      "spotify:playlist:2GtHihT3vxYu3FIXgruoU0"
    ]
  },
  {
    "platform" : "ANDROID",
    "searchTime" : "2021-08-28T03:04:16.671Z[UTC]",
    "searchQuery" : "the midn",
    "searchInteractionURIs" : [
      "spotify:artist:2NFrAuh8RQdQoS7iYFbckw"
    ]
  },
  {
    "platform" : "ANDROID",
    "searchTime" : "2021-08-28T21:48:33.096Z[UTC]",
    "searchQuery" : "western",
    "searchInteractionURIs" : [
      "spotify:playlist:0RO0GaJCJSw5Gc9M52S4El"
    ]
  },
  {
    "platform" : "ANDROID",
    "searchTime" : "2021-08-28T21:49:34.536Z[UTC]",
    "searchQuery" : "indige",
    "searchInteractionURIs" : [
      "spotify:playlist:6TtzXMrYFNOvurczV25XJ0"
    ]
  },
  {
    "platform" : "ANDROID",
    "searchTime" : "2021-08-30T03:15:45.875Z[UTC]",
    "searchQuery" : "brown love",
    "searchInteractionURIs" : [
      "spotify:show:5ne0AEahdJUg3GeqQdWWN4",
      "spotify:show:4mb6R1AAlb97nKJ4LuEIuw",
      "spotify:show:31th2UbSRo6MfOhrVbAW4t"
    ]
  },
  {
    "platform" : "ANDROID",
    "searchTime" : "2021-09-01T02:54:46.709Z[UTC]",
    "searchQuery" : "jose",
    "searchInteractionURIs" : [
      "spotify:artist:5Wfvw7rDz7HA6gE2z6QhqO"
    ]
  },
  {
    "platform" : "ANDROID",
    "searchTime" : "2021-09-04T02:17:51.113Z[UTC]",
    "searchQuery" : "baby keen",
    "searchInteractionURIs" : [
      "spotify:artist:5SXuuuRpukkTvsLuUknva1"
    ]
  },
  {
    "platform" : "ANDROID",
    "searchTime" : "2021-09-04T03:47:37.735Z[UTC]",
    "searchQuery" : "davee",
    "searchInteractionURIs" : [
      "spotify:artist:3twuAojvYNrlWZpMkxLm3P"
    ]
  },
  {
    "platform" : "ANDROID",
    "searchTime" : "2021-09-04T03:49:48.056Z[UTC]",
    "searchQuery" : "boots r",
    "searchInteractionURIs" : [
      "spotify:playlist:3OUBZEfAbTXO5PnhHeETw0"
    ]
  },
  {
    "platform" : "ANDROID",
    "searchTime" : "2021-09-04T03:50:33.991Z[UTC]",
    "searchQuery" : "deuce e",
    "searchInteractionURIs" : [
      "spotify:artist:7gmnd7TvnFQwMo8Suqaln0"
    ]
  },
  {
    "platform" : "ANDROID",
    "searchTime" : "2021-09-04T22:20:23.249Z[UTC]",
    "searchQuery" : "united",
    "searchInteractionURIs" : [
    ]
  },
  {
    "platform" : "ANDROID",
    "searchTime" : "2021-09-04T22:20:37.812Z[UTC]",
    "searchQuery" : "urban nati",
    "searchInteractionURIs" : [
      "spotify:playlist:43XDxyS5lifuw5RTEwOw6y"
    ]
  },
  {
    "platform" : "ANDROID",
    "searchTime" : "2021-09-12T22:52:02.134Z[UTC]",
    "searchQuery" : "instr",
    "searchInteractionURIs" : [
      "spotify:genre:instrumental"
    ]
  },
  {
    "platform" : "ANDROID",
    "searchTime" : "2021-09-12T22:52:37.574Z[UTC]",
    "searchQuery" : "instr",
    "searchInteractionURIs" : [
      "spotify:playlist:2wFidke5D1vvFMLEP7u50D"
    ]
  },
  {
    "platform" : "ANDROID",
    "searchTime" : "2021-09-12T22:53:13.668Z[UTC]",
    "searchQuery" : "instr",
    "searchInteractionURIs" : [
      "spotify:playlist:37i9dQZF1DX5b3XEYmInJL"
    ]
  },
  {
    "platform" : "ANDROID",
    "searchTime" : "2021-09-13T03:25:01.346Z[UTC]",
    "searchQuery" : "fitz and the tabtrums",
    "searchInteractionURIs" : [
      "spotify:artist:4AcHt3JxKy59IX7JNNlZn4"
    ]
  },
  {
    "platform" : "ANDROID",
    "searchTime" : "2021-09-13T03:28:18.586Z[UTC]",
    "searchQuery" : "chance the",
    "searchInteractionURIs" : [
      "spotify:artist:1anyVhU62p31KFi8MEzkbf"
    ]
  },
  {
    "platform" : "ANDROID",
    "searchTime" : "2021-09-13T03:29:09.569Z[UTC]",
    "searchQuery" : "migos",
    "searchInteractionURIs" : [
      "spotify:artist:6oMuImdp5ZcFhWP0ESe6mG"
    ]
  },
  {
    "platform" : "ANDROID",
    "searchTime" : "2021-09-13T03:29:37.402Z[UTC]",
    "searchQuery" : "anders",
    "searchInteractionURIs" : [
      "spotify:artist:3jK9MiCrA42lLAdMGUZpwa"
    ]
  },
  {
    "platform" : "ANDROID",
    "searchTime" : "2021-09-13T03:31:22.939Z[UTC]",
    "searchQuery" : "suede",
    "searchInteractionURIs" : [
      "spotify:track:0iizrCBnUUJuAwCPJaWWY0"
    ]
  },
  {
    "platform" : "ANDROID",
    "searchTime" : "2021-09-13T03:31:55.902Z[UTC]",
    "searchQuery" : "d smo",
    "searchInteractionURIs" : [
      "spotify:artist:23rK0hajv5ix2yPM4IIgOo"
    ]
  },
  {
    "platform" : "ANDROID",
    "searchTime" : "2021-09-13T03:33:32.123Z[UTC]",
    "searchQuery" : "tank",
    "searchInteractionURIs" : [
      "spotify:artist:5cAtakaadWHJLxmGKrKcX7"
    ]
  },
  {
    "platform" : "ANDROID",
    "searchTime" : "2021-09-18T20:00:27.345Z[UTC]",
    "searchQuery" : "d s",
    "searchInteractionURIs" : [
      "spotify:artist:23rK0hajv5ix2yPM4IIgOo"
    ]
  },
  {
    "platform" : "ANDROID",
    "searchTime" : "2021-09-18T22:28:53.144Z[UTC]",
    "searchQuery" : "benny",
    "searchInteractionURIs" : [
      "spotify:artist:5Matrg5du62bXwer29cU5T"
    ]
  },
  {
    "platform" : "ANDROID",
    "searchTime" : "2021-09-20T00:24:10.350Z[UTC]",
    "searchQuery" : "latinX",
    "searchInteractionURIs" : [
    ]
  },
  {
    "platform" : "ANDROID",
    "searchTime" : "2021-09-20T00:24:32.061Z[UTC]",
    "searchQuery" : "latinX",
    "searchInteractionURIs" : [
      "spotify:playlist:0qarUbK3F7nHTdVOv4hKcB",
      "spotify:playlist:37i9dQZF1DXbLMw3ry7d7k",
      "spotify:playlist:1QKCWuse4FyAPb4Yhd44UJ"
    ]
  },
  {
    "platform" : "ANDROID",
    "searchTime" : "2021-09-20T00:24:57.456Z[UTC]",
    "searchQuery" : "latinX",
    "searchInteractionURIs" : [
      "spotify:playlist:3CuqCDS8nxlsPkrUCgv8SI"
    ]
  },
  {
    "platform" : "ANDROID",
    "searchTime" : "2021-09-20T00:27:41.471Z[UTC]",
    "searchQuery" : "latinX christian",
    "searchInteractionURIs" : [
      "spotify:playlist:3o0SMi7afCA1PIe92fb1cW"
    ]
  },
  {
    "platform" : "ANDROID",
    "searchTime" : "2021-09-20T00:27:56.442Z[UTC]",
    "searchQuery" : "spanish",
    "searchInteractionURIs" : [
      "spotify:playlist:37i9dQZF1DX10zKzsJ2jva",
      "spotify:playlist:5dv6Bfet289oPtAvGOGklX",
      "spotify:playlist:1gRYYbLhK57m7C53bMtkpE"
    ]
  },
  {
    "platform" : "ANDROID",
    "searchTime" : "2021-09-20T00:28:45.920Z[UTC]",
    "searchQuery" : "spanish",
    "searchInteractionURIs" : [
      "spotify:playlist:37i9dQZF1DX0AlIMO7qw9c"
    ]
  },
  {
    "platform" : "ANDROID",
    "searchTime" : "2021-09-20T00:29:30.572Z[UTC]",
    "searchQuery" : "spanish christian",
    "searchInteractionURIs" : [
      "spotify:playlist:3wKHOD8TYySHFF5bIq0orv"
    ]
  },
  {
    "platform" : "ANDROID",
    "searchTime" : "2021-09-20T00:30:13.521Z[UTC]",
    "searchQuery" : "spanish christian",
    "searchInteractionURIs" : [
      "spotify:playlist:6rUgwx9v5YmUGFRsfxxDgA",
      "spotify:playlist:1sxVEHPI7cftHBoSWydPjD"
    ]
  },
  {
    "platform" : "ANDROID",
    "searchTime" : "2021-09-22T05:01:53.796Z[UTC]",
    "searchQuery" : "taboo",
    "searchInteractionURIs" : [
      "spotify:artist:6WirJzihzKTGyw7mgEdJUP"
    ]
  },
  {
    "platform" : "ANDROID",
    "searchTime" : "2021-09-22T05:15:38.368Z[UTC]",
    "searchQuery" : "indigenous",
    "searchInteractionURIs" : [
      "spotify:playlist:3f1CeSm2Jj03Zeuv5eLnEi",
      "spotify:playlist:77EU5WPw5TUo81uKS0jRJq"
    ]
  },
  {
    "platform" : "ANDROID",
    "searchTime" : "2021-09-22T05:16:07.343Z[UTC]",
    "searchQuery" : "indigenous",
    "searchInteractionURIs" : [
      "spotify:playlist:3SZZu7f18L5LicCwLnSVzO"
    ]
  },
  {
    "platform" : "ANDROID",
    "searchTime" : "2021-09-22T05:16:34.928Z[UTC]",
    "searchQuery" : "indigenous",
    "searchInteractionURIs" : [
      "spotify:genre:0JQ5DAqAJXkJGsalZIX55T"
    ]
  },
  {
    "platform" : "ANDROID",
    "searchTime" : "2021-09-23T05:21:12.326Z[UTC]",
    "searchQuery" : "the cure",
    "searchInteractionURIs" : [
      "spotify:artist:7bu3H8JO7d0UbMoVzbo70s"
    ]
  },
  {
    "platform" : "ANDROID",
    "searchTime" : "2021-09-23T05:23:00.300Z[UTC]",
    "searchQuery" : "dayg",
    "searchInteractionURIs" : [
      "spotify:playlist:37i9dQZF1E4wciBxaAwYGf"
    ]
  },
  {
    "platform" : "ANDROID",
    "searchTime" : "2021-09-24T17:34:08.360Z[UTC]",
    "searchQuery" : "supa",
    "searchInteractionURIs" : [
      "spotify:artist:0GBYlnXBzFnCGiaH6dLb6j"
    ]
  },
  {
    "platform" : "ANDROID",
    "searchTime" : "2021-09-25T00:50:05.501Z[UTC]",
    "searchQuery" : "lo fi",
    "searchInteractionURIs" : [
      "spotify:playlist:37i9dQZF1DX8Uebhn9wzrS"
    ]
  },
  {
    "platform" : "ANDROID",
    "searchTime" : "2021-09-25T23:31:13.768Z[UTC]",
    "searchQuery" : "injust want to fly",
    "searchInteractionURIs" : [
      "spotify:artist:4uN3DsfENc7dp0OLO0FEIb"
    ]
  },
  {
    "platform" : "ANDROID",
    "searchTime" : "2021-09-26T02:38:58.090Z[UTC]",
    "searchQuery" : "gree",
    "searchInteractionURIs" : [
      "spotify:artist:7oPftvlwr6VrsViSDV7fJY"
    ]
  },
  {
    "platform" : "ANDROID",
    "searchTime" : "2021-09-26T02:40:31.996Z[UTC]",
    "searchQuery" : "182",
    "searchInteractionURIs" : [
      "spotify:artist:6FBDaR13swtiWwGhX1WQsP"
    ]
  },
  {
    "platform" : "ANDROID",
    "searchTime" : "2021-09-26T02:41:40.971Z[UTC]",
    "searchQuery" : "90",
    "searchInteractionURIs" : [
      "spotify:genre:90s"
    ]
  },
  {
    "platform" : "ANDROID",
    "searchTime" : "2021-09-26T03:27:22.073Z[UTC]",
    "searchQuery" : "nwa",
    "searchInteractionURIs" : [
      "spotify:artist:4EnEZVjo3w1cwcQYePccay"
    ]
  },
  {
    "platform" : "ANDROID",
    "searchTime" : "2021-09-28T17:34:14.635Z[UTC]",
    "searchQuery" : "murs",
    "searchInteractionURIs" : [
      "spotify:artist:2dWF6m2ksP9GN75fufFp16"
    ]
  },
  {
    "platform" : "ANDROID",
    "searchTime" : "2021-09-29T01:56:03.186Z[UTC]",
    "searchQuery" : "concerts",
    "searchInteractionURIs" : [
      "spotify:app:concerts",
      "spotify:app:concerts"
    ]
  },
  {
    "platform" : "ANDROID",
    "searchTime" : "2021-09-29T02:13:10.683Z[UTC]",
    "searchQuery" : "ryan",
    "searchInteractionURIs" : [
      "spotify:artist:31z9f9AyPawiq0qlBO1M3i"
    ]
  },
  {
    "platform" : "ANDROID",
    "searchTime" : "2021-09-30T00:09:27.059Z[UTC]",
    "searchQuery" : "latin chants",
    "searchInteractionURIs" : [
      "spotify:playlist:643inUubkZ9zF7GTaUP3Vy"
    ]
  },
  {
    "platform" : "ANDROID",
    "searchTime" : "2021-09-30T00:10:09.799Z[UTC]",
    "searchQuery" : "gregoria",
    "searchInteractionURIs" : [
      "spotify:playlist:37i9dQZF1DWYZW76Iw4Lij"
    ]
  },
  {
    "platform" : "ANDROID",
    "searchTime" : "2021-10-01T05:46:56.256Z[UTC]",
    "searchQuery" : "supa",
    "searchInteractionURIs" : [
      "spotify:artist:0GBYlnXBzFnCGiaH6dLb6j"
    ]
  }
]