{
  "tracks": [
    {
      "artist": "Aaron Copland",
      "album": "Copland: Billy the Kid, Rodeo, El Salón México & An Outdoor Overture",
      "track": "Rodeo: Saturday Night Waltz",
      "uri": "spotify:track:06JBbITh9w2FWtcUdTEvGH"
    },
    {
      "artist": "Arcade Fire",
      "album": "The Suburbs Deluxe",
      "track": "Sprawl I (Flatland)",
      "uri": "spotify:track:1MngfYrLWKAyeYZ5csTTWM"
    },
    {
      "artist": "Kendrick Lamar",
      "album": "To Pimp A Butterfly",
      "track": "King Kunta",
      "uri": "spotify:track:0N3W5peJUQtI4eyR6GJT5O"
    },
    {
      "artist": "Kendrick Lamar",
      "album": "To Pimp A Butterfly",
      "track": "Complexion (A Zulu Love)",
      "uri": "spotify:track:72hFOhhhnOJZnnp6uVOgPn"
    },
    {
      "artist": "Robert Duvall",
      "album": "Crazy Heart: Original Motion Picture Soundtrack",
      "track": "Live Forever",
      "uri": "spotify:track:0Hq36UdwzH3P2Tll2fRv80"
    },
    {
      "artist": "Jeff Bridges",
      "album": "Crazy Heart: Original Motion Picture Soundtrack",
      "track": "I Don't Know",
      "uri": "spotify:track:3f5ujM3yeRUlYMum7LIUjE"
    },
    {
      "artist": "Rodney Crowell",
      "album": "Alternative Country Masterpieces",
      "track": "U Don't Know How Much I Hate U",
      "uri": "spotify:track:2YfAujjpnSG6fVl7gfhpLW"
    },
    {
      "artist": "Ryan Bingham",
      "album": "Ryan Bingham Live",
      "track": "Bluebird - Live",
      "uri": "spotify:track:0jVFaXyBLNKb1uX8j3Ti9b"
    },
    {
      "artist": "Peter, Paul and Mary",
      "album": "Legends of the American Folk Music Revival - Their Finest Songs",
      "track": "Autumn to May",
      "uri": "spotify:track:7qRKXUe8VCc5bNcTFlyMhE"
    },
    {
      "artist": "Ryan Bingham",
      "album": "Mescalito",
      "track": "Bread & Water",
      "uri": "spotify:track:0GmGxMJcYcxPGBYQPn3oaY"
    },
    {
      "artist": "Ryan Bingham",
      "album": "Mescalito",
      "track": "Every Wonder Why",
      "uri": "spotify:track:3dXLJ4YTh5YusdJBvxhFVp"
    },
    {
      "artist": "Anthony Ramos",
      "album": "Hamilton",
      "track": "Schuyler Defeated",
      "uri": "spotify:track:05bhmaAD1urZnQMWNd6p3S"
    },
    {
      "artist": "Townes Van Zandt",
      "album": "Crazy Heart: Original Motion Picture Soundtrack",
      "track": "If I Needed You",
      "uri": "spotify:track:5AqT7o0MbnN2yjEduEPWIp"
    },
    {
      "artist": "Hamilton Leithauser + Rostam",
      "album": "I Had A Dream That You Were Mine",
      "track": "Sick as a Dog",
      "uri": "spotify:track:7ji0rdxqRf6o6mkW8PG8J9"
    },
    {
      "artist": "George Jones",
      "album": "Crazy Heart: Original Motion Picture Soundtrack",
      "track": "Color of the Blues",
      "uri": "spotify:track:52a7tEycS0301gJ3VHHQVM"
    },
    {
      "artist": "Sam Phillips",
      "album": "Crazy Heart: Original Motion Picture Soundtrack",
      "track": "Reflecting Light",
      "uri": "spotify:track:3HBRaP07ZzpGySev9yaHo7"
    },
    {
      "artist": "Deer Tick",
      "album": "The Black Dirt Sessions",
      "track": "Twenty Miles",
      "uri": "spotify:track:69XEXAbJTZwFfVz7ayfg3I"
    },
    {
      "artist": "Ryan Bingham",
      "album": "American Love Song",
      "track": "Blue",
      "uri": "spotify:track:0MYctrnvvWAKDPnvPc5MYu"
    },
    {
      "artist": "William Grant Still",
      "album": "Piano Recital: Waites, Althea - Price, F.B. / Still, W.G. / Bland, E.",
      "track": "3 Visions: No. 2. Summerland",
      "uri": "spotify:track:6DjJASpNIqqEABN4geePv0"
    },
    {
      "artist": "Aaron Copland",
      "album": "Copland: Billy the Kid, Rodeo, El Salón México & An Outdoor Overture",
      "track": "Billy the Kid: Gun Battle",
      "uri": "spotify:track:2IDuQvINEsMVHGI7bdzusH"
    },
    {
      "artist": "Keith Jarrett",
      "album": "The Köln Concert",
      "track": "Köln, January 24, 1975, Pt. I - Live",
      "uri": "spotify:track:0T4KV1pj8as2xvdHZAP5ae"
    },
    {
      "artist": "Glen Campbell",
      "album": "Glen Campbell - The Capitol Years 1965 - 1977",
      "track": "Guess I'm Dumb",
      "uri": "spotify:track:3KB6xkelIzPX759OKkVAHx"
    },
    {
      "artist": "Lin-Manuel Miranda",
      "album": "Hamilton",
      "track": "My Shot",
      "uri": "spotify:track:4cxvludVmQxryrnx1m9FqL"
    },
    {
      "artist": "The Doobie Brothers",
      "album": "What Were Once Vices Are Now Habits",
      "track": "Black Water",
      "uri": "spotify:track:4p8QcNkaq2FQj8uGJ7HEDK"
    },
    {
      "artist": "Ryan Bingham",
      "album": "Ryan Bingham Live",
      "track": "Hard Times - Live",
      "uri": "spotify:track:3RWObhjpvLG6Qa9ErculK1"
    },
    {
      "artist": "Kendrick Lamar",
      "album": "To Pimp A Butterfly",
      "track": "You Ain't Gotta Lie (Momma Said)",
      "uri": "spotify:track:7A3ETuOrieyx9KSF0sn0Zf"
    },
    {
      "artist": "The Louvin Brothers",
      "album": "Crazy Heart: Original Motion Picture Soundtrack",
      "track": "My Baby's Gone",
      "uri": "spotify:track:3UN8acQS7QqooaBqcOUrYE"
    },
    {
      "artist": "Macklemore",
      "album": "GEMINI",
      "track": "Firebreather (feat. Reignwolf)",
      "uri": "spotify:track:2eucFttlfFNX5fRD78JBdI"
    },
    {
      "artist": "Eazy-E",
      "album": "Straight Outta Compton",
      "track": "Boyz-N-The-Hood",
      "uri": "spotify:track:45nWPWka5usNPZokYvmS2G"
    },
    {
      "artist": "Ryan Bingham",
      "album": "Ryan Bingham Live",
      "track": "Bread and Water - Live",
      "uri": "spotify:track:2K7hmSfXpaEkhsmK5K9p5Q"
    },
    {
      "artist": "Keith Jarrett",
      "album": "Last Dance",
      "track": "Where Can I Go Without You",
      "uri": "spotify:track:6WTaPOmjmElVLG7HD8nHkb"
    },
    {
      "artist": "Aaron Copland",
      "album": "Copland: Billy the Kid, Rodeo, El Salón México & An Outdoor Overture",
      "track": "Billy the Kid: Prairie Night",
      "uri": "spotify:track:6pNukMkXyndSJIte2j6Jk1"
    },
    {
      "artist": "Ryan Bingham",
      "album": "Ryan Bingham Live",
      "track": "Nobody Knows My Trouble - Live",
      "uri": "spotify:track:6lOnPDl6DfAVlkbcH9ewNQ"
    },
    {
      "artist": "Leslie Odom Jr.",
      "album": "Hamilton",
      "track": "Wait for It",
      "uri": "spotify:track:7EqpEBPOohgk7NnKvBGFWo"
    },
    {
      "artist": "American Music Club",
      "album": "Alternative Country Masterpieces",
      "track": "Your Horseshoe Wreath Will Bloom",
      "uri": "spotify:track:0a8QS9ZgdMeOG9vZhdvMa5"
    },
    {
      "artist": "Ryan Bingham",
      "album": "Mescalito",
      "track": "Ghost Of Travelin' Jones",
      "uri": "spotify:track:56RTgXS3Q7iRtkAThFiHpU"
    },
    {
      "artist": "Macklemore",
      "album": "GEMINI",
      "track": "Ain't Gonna Die Tonight (feat. Eric Nally)",
      "uri": "spotify:track:1FgmP7AOTcn7MGYmImj0kn"
    },
    {
      "artist": "Stephen Bruton",
      "album": "Crazy Heart: Original Motion Picture Soundtrack",
      "track": "Somebody Else - Instrumental",
      "uri": "spotify:track:07gXgWWLHjnNZS8WnWSJHk"
    },
    {
      "artist": "Hamilton Leithauser + Rostam",
      "album": "I Had A Dream That You Were Mine",
      "track": "1959",
      "uri": "spotify:track:12f3vj4nwKcwASG2qRETJ4"
    },
    {
      "artist": "Ryan Bingham",
      "album": "American Love Song",
      "track": "Stones",
      "uri": "spotify:track:1P2tC5VvhhGty7LblqAxHp"
    },
    {
      "artist": "Peter, Paul and Mary",
      "album": "Legends of the American Folk Music Revival - Their Finest Songs",
      "track": "500 miles",
      "uri": "spotify:track:31m1VP6IAABbTEVnlIxcKy"
    },
    {
      "artist": "Ryan Bingham",
      "album": "American Love Song",
      "track": "Hot House",
      "uri": "spotify:track:58yWV6tu52mOt0Sa1xwxwd"
    },
    {
      "artist": "John Floridis",
      "album": "Montana Matters",
      "track": "Late May Moon",
      "uri": "spotify:track:1gEXvLvTtKRG4NbyuM7Vm4"
    },
    {
      "artist": "Hamilton Leithauser + Rostam",
      "album": "I Had A Dream That You Were Mine",
      "track": "In a Black Out",
      "uri": "spotify:track:1idBirsBGvCMsLvv4cTv7k"
    },
    {
      "artist": "Ryan Bingham",
      "album": "Ryan Bingham Live",
      "track": "Tell My Mother I Miss Her So - Live",
      "uri": "spotify:track:3HenmcgyBpvG8JD3P11FgV"
    },
    {
      "artist": "Christopher Jackson",
      "album": "Hamilton",
      "track": "Cabinet Battle #1",
      "uri": "spotify:track:3TfKt8mPpdXfQTMfRjHzyz"
    },
    {
      "artist": "Arcade Fire",
      "album": "The Suburbs Deluxe",
      "track": "Ready to Start",
      "uri": "spotify:track:1F2Ca0Cfo7DcdieWlZEqzc"
    },
    {
      "artist": "Arcade Fire",
      "album": "The Suburbs Deluxe",
      "track": "Deep Blue",
      "uri": "spotify:track:6XEX9I4rPbLUfu80qm2XDd"
    },
    {
      "artist": "The Killers",
      "album": "Run For Cover",
      "track": "Run For Cover",
      "uri": "spotify:track:03YoRDLmG333y0ORu2D5A4"
    },
    {
      "artist": "Ryan Bingham",
      "album": "American Love Song",
      "track": "Wolves",
      "uri": "spotify:track:48WgsmbLBu9emLSodjG0O5"
    },
    {
      "artist": "Arcade Fire",
      "album": "The Suburbs Deluxe",
      "track": "We Used to Wait",
      "uri": "spotify:track:1UyNur2qvjxjpQKyYY3TLF"
    },
    {
      "artist": "Aaron Copland",
      "album": "Copland: Billy the Kid, Rodeo, El Salón México & An Outdoor Overture",
      "track": "Billy the Kid: Billy's Death",
      "uri": "spotify:track:2AXqNxCkcscZ2c522UYuzC"
    },
    {
      "artist": "Steve Arrington's Hall Of Fame",
      "album": "Straight Outta Compton",
      "track": "Weak At The Knees",
      "uri": "spotify:track:1HwNdpCR1zkh92ON7DDoHJ"
    },
    {
      "artist": "JOSEPH",
      "album": "I'm Alone, No You're Not",
      "track": "Hundred Ways",
      "uri": "spotify:track:3uDlJnk5k7HqtuSHzXOFEi"
    },
    {
      "artist": "Tom Catmull",
      "album": "Montana Matters",
      "track": "Big Tears",
      "uri": "spotify:track:7wS1Ywvu8p5wiek4kAX8Lu"
    },
    {
      "artist": "Best Coast",
      "album": "Crazy For You",
      "track": "When I'm With You",
      "uri": "spotify:track:7Cb9fYGYtFaANCaqYEOCDC"
    },
    {
      "artist": "Christopher Jackson",
      "album": "Hamilton",
      "track": "Cabinet Battle #2",
      "uri": "spotify:track:6KRHMYPIWRgFWlXPgqO2Fp"
    },
    {
      "artist": "Arcade Fire",
      "album": "The Suburbs Deluxe",
      "track": "The Suburbs (continued)",
      "uri": "spotify:track:1N9AYzyvUKjBYWNr56hUnc"
    },
    {
      "artist": "Ryan Bingham",
      "album": "Ryan Bingham Live",
      "track": "Sunrise - Live",
      "uri": "spotify:track:4zpwedj4myd4ZZ9qEYAq4r"
    },
    {
      "artist": "Daveed Diggs",
      "album": "Hamilton",
      "track": "What'd I Miss",
      "uri": "spotify:track:2W9u3whoCkQYOUbmnSrHi1"
    },
    {
      "artist": "George Ezra",
      "album": "Cassy O' (EP)",
      "track": "Budapest - Live from Spotify Stockholm",
      "uri": "spotify:track:4HqU80xAozomP0XtgxAu6w"
    },
    {
      "artist": "Hamilton Leithauser + Rostam",
      "album": "I Had A Dream That You Were Mine",
      "track": "The Bride's Dad",
      "uri": "spotify:track:7ImwKPZfZAixJJCQwVB8o2"
    },
    {
      "artist": "Jonathan Groff",
      "album": "Hamilton",
      "track": "You'll Be Back",
      "uri": "spotify:track:6OG1S805gIrH5nAQbEOPY3"
    },
    {
      "artist": "Leslie Odom Jr.",
      "album": "Hamilton",
      "track": "Washington on Your Side",
      "uri": "spotify:track:1WHNqqRWhJVZIdCScFKtl5"
    },
    {
      "artist": "Tim Ryan",
      "album": "Montana Matters",
      "track": "I Know the Sound a River Makes",
      "uri": "spotify:track:5jxjbT90kglCmIA35YI7qN"
    },
    {
      "artist": "Aaron Copland",
      "album": "Copland: Billy the Kid, Rodeo, El Salón México & An Outdoor Overture",
      "track": "Billy the Kid: Introduction: The Open Prairie",
      "uri": "spotify:track:0Q8pljvM7bOO6RnqRHgEtG"
    },
    {
      "artist": "JOSEPH",
      "album": "I'm Alone, No You're Not",
      "track": "Sweet Dreams",
      "uri": "spotify:track:5P4COf9M4I4Xf9MYzdkcm4"
    },
    {
      "artist": "Jeff Bridges",
      "album": "Crazy Heart: Original Motion Picture Soundtrack",
      "track": "Somebody Else",
      "uri": "spotify:track:622lKeCqvJvfFTlUs4rwA5"
    },
    {
      "artist": "Bill Miller",
      "album": "Spirit Songs: The Best Of Bill Miller",
      "track": "Wind Spirit",
      "uri": "spotify:track:4o3bNPUWTYfRbu8hg6j7s9"
    },
    {
      "artist": "Aaron Copland",
      "album": "Copland: Billy the Kid, Rodeo, El Salón México & An Outdoor Overture",
      "track": "Billy the Kid: Billy in Prison",
      "uri": "spotify:track:36sBoelN1ZXnWqVsi7ayxA"
    },
    {
      "artist": "Ryan Bingham",
      "album": "Mescalito",
      "track": "The Other Side",
      "uri": "spotify:track:04oQzKSDtOXgwhpBazjVY2"
    },
    {
      "artist": "JOSEPH",
      "album": "I'm Alone, No You're Not",
      "track": "More Alive Than Dead",
      "uri": "spotify:track:4zMNPZ9mUC0qVY5IQn8NxC"
    },
    {
      "artist": "Macklemore & Ryan Lewis",
      "album": "The Heist",
      "track": "White Walls (feat. ScHoolboy Q & Hollis)",
      "uri": "spotify:track:6I3KeXBT0E9MoMqYz8srVq"
    },
    {
      "artist": "Roy Ayers Ubiquity",
      "album": "Straight Outta Compton",
      "track": "Everybody Loves The Sunshine",
      "uri": "spotify:track:4WVLC5JmSIEHco1LDinj0F"
    },
    {
      "artist": "Kendrick Lamar",
      "album": "To Pimp A Butterfly",
      "track": "Wesley's Theory",
      "uri": "spotify:track:7Ks4VCY1wFebnOdJrM13t6"
    },
    {
      "artist": "Hamilton Leithauser + Rostam",
      "album": "I Had A Dream That You Were Mine",
      "track": "The Morning Stars",
      "uri": "spotify:track:3BLqoY8C8xv6XvHrXKwEeh"
    },
    {
      "artist": "Taboo",
      "album": "The Fight",
      "track": "The Fight",
      "uri": "spotify:track:7FN55LfmX52mQ8IFvrTxvk"
    },
    {
      "artist": "Keith Jarrett",
      "album": "The Köln Concert",
      "track": "Köln, January 24, 1975, Pt. II C - Live",
      "uri": "spotify:track:4FMI4Ln1LhyxGldkNXan5e"
    },
    {
      "artist": "Son Volt",
      "album": "Alternative Country Masterpieces",
      "track": "Sometimes",
      "uri": "spotify:track:0YTpc5QIXekXisEtEl2DKl"
    },
    {
      "artist": "Anthony Ramos",
      "album": "Hamilton",
      "track": "Ten Duel Commandments",
      "uri": "spotify:track:3lXyAQ0kekAvY5LodpWmUs"
    },
    {
      "artist": "Arcade Fire",
      "album": "The Suburbs Deluxe",
      "track": "The Suburbs",
      "uri": "spotify:track:7HCj6qN0tG2HN1eLQyWUBg"
    },
    {
      "artist": "NxWorries",
      "album": "Yes Lawd!",
      "track": "Suede",
      "uri": "spotify:track:0iizrCBnUUJuAwCPJaWWY0"
    },
    {
      "artist": "Kendrick Lamar",
      "album": "To Pimp A Butterfly",
      "track": "Mortal Man",
      "uri": "spotify:track:1WT11QmhZutciEv1NsHt1R"
    },
    {
      "artist": "Phosphorescent",
      "album": "Muchacho",
      "track": "Song For Zula",
      "uri": "spotify:track:2kD2li0Gfjqh26jYNz6Z6p"
    },
    {
      "artist": "Phillipa Soo",
      "album": "Hamilton",
      "track": "Take a Break",
      "uri": "spotify:track:2qFIJT5hjqaNFA1GKwl9me"
    },
    {
      "artist": "Ryan Bingham",
      "album": "American Love Song",
      "track": "What Would I've Become",
      "uri": "spotify:track:5vHSJyOw37Putx1dg0mJXY"
    },
    {
      "artist": "Anthony Ramos",
      "album": "Hamilton",
      "track": "The Story of Tonight - Reprise",
      "uri": "spotify:track:1CzeuSrm71wHP9qsjg7p3F"
    },
    {
      "artist": "Aaron Copland",
      "album": "Copland: Billy the Kid, Rodeo, El Salón México & An Outdoor Overture",
      "track": "Rodeo: Corral Nocturne",
      "uri": "spotify:track:5Yaaj9g8fhXo77RZGWEndk"
    },
    {
      "artist": "Original Broadway Cast of Hamilton",
      "album": "Hamilton",
      "track": "Stay Alive",
      "uri": "spotify:track:27MB0qHaYAZiTlwg25js1Y"
    },
    {
      "artist": "Amy Martin",
      "album": "Montana Matters",
      "track": "Raven's Wings",
      "uri": "spotify:track:04ackPAdw80J9p6OKooVXf"
    },
    {
      "artist": "Parliament",
      "album": "Straight Outta Compton",
      "track": "Flash Light",
      "uri": "spotify:track:4eTkigHBxzWXplGHmIUy4L"
    },
    {
      "artist": "Ryan Bingham",
      "album": "Ryan Bingham Live",
      "track": "Radio - Live",
      "uri": "spotify:track:6I7Aq0Ip8W78kYm0vo4vyU"
    },
    {
      "artist": "Kendrick Lamar",
      "album": "To Pimp A Butterfly",
      "track": "Hood Politics",
      "uri": "spotify:track:2UOYzhusMTypF7oAQwksCj"
    },
    {
      "artist": "Ryan Bingham",
      "album": "Ryan Bingham Live",
      "track": "Top Shelf Drug - Live",
      "uri": "spotify:track:0BiXuqpLyzHvP65yaqFrY1"
    },
    {
      "artist": "N.W.A.",
      "album": "Straight Outta Compton",
      "track": "Real Niggaz",
      "uri": "spotify:track:4WLjIxyUXsyzjKmuH5drCD"
    },
    {
      "artist": "Arcade Fire",
      "album": "The Suburbs Deluxe",
      "track": "Modern Man",
      "uri": "spotify:track:7vawX5UUVTXIBs05hz3JqN"
    },
    {
      "artist": "Lin-Manuel Miranda",
      "album": "Hamilton",
      "track": "Right Hand Man",
      "uri": "spotify:track:3nJYcY9yvKP8Oi2Ml8brXt"
    },
    {
      "artist": "Ryan Bingham",
      "album": "American Love Song",
      "track": "Lover Girl",
      "uri": "spotify:track:4ysr8xtm5eTAP5cgBdOYN8"
    },
    {
      "artist": "JOSEPH",
      "album": "I'm Alone, No You're Not",
      "track": "Planets",
      "uri": "spotify:track:3mNGbU3fRJ8QjOW6TU3rww"
    },
    {
      "artist": "Macklemore",
      "album": "GEMINI",
      "track": "Corner Store (feat. Dave B & Travis Thompson)",
      "uri": "spotify:track:4m4aiyWCBH011DhxQeoWt1"
    },
    {
      "artist": "D Smoke",
      "album": "Black Habits",
      "track": "No Commas",
      "uri": "spotify:track:3Ysfh71RLlOgwSsjsOOyxF"
    },
    {
      "artist": "Arcade Fire",
      "album": "The Suburbs Deluxe",
      "track": "Month of May",
      "uri": "spotify:track:7p9Ok3ktwCtz9iLGrv6SAE"
    },
    {
      "artist": "Ryan Bingham",
      "album": "Mescalito",
      "track": "Sunrise",
      "uri": "spotify:track:0KefTgKt7yjGkKPyO7yryV"
    },
    {
      "artist": "Ice Cube",
      "album": "Straight Outta Compton",
      "track": "The Nigga Ya Love To Hate",
      "uri": "spotify:track:6UykxHDyfwwcYzd5H4bF0t"
    },
    {
      "artist": "Lin-Manuel Miranda",
      "album": "Hamilton",
      "track": "The Story of Tonight",
      "uri": "spotify:track:0NJWhm3hUwIZSy5s0TGJ8q"
    },
    {
      "artist": "Peter, Paul and Mary",
      "album": "Legends of the American Folk Music Revival - Their Finest Songs",
      "track": "Where have all the Flowers Gone",
      "uri": "spotify:track:7ko5XM3wxsZWloMpeiEpMN"
    },
    {
      "artist": "Thunderstorm Sound Bank",
      "album": "Thunder & Rain Relaxation",
      "track": "Rain & Thunder",
      "uri": "spotify:track:47fd0lVyrW90U7RpSLC8AL"
    },
    {
      "artist": "Peter, Paul and Mary",
      "album": "Legends of the American Folk Music Revival - Their Finest Songs",
      "track": "Early in the mornng",
      "uri": "spotify:track:5bzq0eXeg2rdtncj0c9ynN"
    },
    {
      "artist": "Blind Pilot",
      "album": "Live from Nowhere Near You, Vol. II",
      "track": "Three Rounds and a Sound - Daytrotter Version",
      "uri": "spotify:track:44BGoGw0sUc0Txh8Y4ZyFg"
    },
    {
      "artist": "Macklemore",
      "album": "GEMINI",
      "track": "Willy Wonka (feat. Offset)",
      "uri": "spotify:track:7uKSil5r7uHexnM9lukPTc"
    },
    {
      "artist": "Thunderstorm Sound Bank",
      "album": "Thunder & Rain Relaxation",
      "track": "Thunderstorm By The Waterfall",
      "uri": "spotify:track:5dqINJU28icQujnJU37BJS"
    },
    {
      "artist": "Kendrick Lamar",
      "album": "To Pimp A Butterfly",
      "track": "The Blacker The Berry",
      "uri": "spotify:track:5Mtt6tZSZA9cXTHGSGpyh0"
    },
    {
      "artist": "JOSEPH",
      "album": "I'm Alone, No You're Not",
      "track": "SOS (Overboard)",
      "uri": "spotify:track:0d2x9BDK4xGImgmI69N5fZ"
    },
    {
      "artist": "Kostas",
      "album": "Montana Matters",
      "track": "Paradise Valley",
      "uri": "spotify:track:2dwDyOOkoMs05ORgPetmny"
    },
    {
      "artist": "Phillipa Soo",
      "album": "Hamilton",
      "track": "Helpless",
      "uri": "spotify:track:54Sc7mZQ1RM03STpk4SfaA"
    },
    {
      "artist": "Lenny Kaye",
      "album": "Alternative Country Masterpieces",
      "track": "Sacramento & Polk",
      "uri": "spotify:track:2SlyzWUcgnps4VtM3FP6zk"
    },
    {
      "artist": "Aaron Copland",
      "album": "Copland: Billy the Kid, Rodeo, El Salón México & An Outdoor Overture",
      "track": "Billy the Kid: Billy's Funeral",
      "uri": "spotify:track:55Ia17fvKQkMhTG5Bl4nHf"
    },
    {
      "artist": "Shane Clouse",
      "album": "Montana Matters",
      "track": "Introduction",
      "uri": "spotify:track:6v2ST1I2Xg2LSirq23T3Av"
    },
    {
      "artist": "Lin-Manuel Miranda",
      "album": "Hamilton",
      "track": "Hurricane",
      "uri": "spotify:track:16sNPUamj4vnA7uQLozRpU"
    },
    {
      "artist": "Hamilton Leithauser + Rostam",
      "album": "I Had A Dream That You Were Mine",
      "track": "You Ain't That Young Kid",
      "uri": "spotify:track:3fkHnP4g1k5CxvHHHmdCbq"
    },
    {
      "artist": "Jack Gladstone",
      "album": "Montana Matters",
      "track": "When the Land Belonged to God",
      "uri": "spotify:track:1sQTS8KwjLOwLbfEJblJU8"
    },
    {
      "artist": "Tamara Bubble",
      "album": "Your Favorite Rapper Is a Girl 2",
      "track": "Self Motivated",
      "uri": "spotify:track:6h9fPLPjyVcOJLsZtGcGXI"
    },
    {
      "artist": "Kendrick Lamar",
      "album": "To Pimp A Butterfly",
      "track": "u",
      "uri": "spotify:track:1bxEpNR75Hq3T2oF9AZjt8"
    },
    {
      "artist": "Nao",
      "album": "Saturn",
      "track": "Drive and Disconnect",
      "uri": "spotify:track:6pEAd0UjznaKABT7WLLvmC"
    },
    {
      "artist": "Ryan Bingham",
      "album": "Mescalito",
      "track": "Hard Times",
      "uri": "spotify:track:5Sa6LogcdRKBmxuPu1G8XE"
    },
    {
      "artist": "Phillipa Soo",
      "album": "Hamilton",
      "track": "Best of Wives and Best of Women",
      "uri": "spotify:track:1dZutYKh4BtPlxbC81wV34"
    },
    {
      "artist": "Aaron Copland",
      "album": "Copland: Billy the Kid, Rodeo, El Salón México & An Outdoor Overture",
      "track": "An Outdoor Overture",
      "uri": "spotify:track:0gRuXEQirSNw9KazC2FjIP"
    },
    {
      "artist": "Hamilton Leithauser + Rostam",
      "album": "I Had A Dream That You Were Mine",
      "track": "Rough Going (I Won't Let Up)",
      "uri": "spotify:track:3HratlJghRcFbtjzFFmEva"
    },
    {
      "artist": "Cornell University Glee Club",
      "album": "Pacem",
      "track": "Dona Nobis Pacem (Composed By Joseph A. Gregorio)",
      "uri": "spotify:track:2rnLXMGXXnStmomZcmdfiU"
    },
    {
      "artist": "Ben Howard",
      "album": "Every Kingdom",
      "track": "Keep Your Head Up",
      "uri": "spotify:track:5fpEDGQX0Ah3utGnFYulQZ"
    },
    {
      "artist": "Brad Mehldau",
      "album": "The Art of the Trio, Vol. 1",
      "track": "Blackbird",
      "uri": "spotify:track:6PtZaHjsx2Pnk3x9O92bB2"
    },
    {
      "artist": "Macklemore",
      "album": "GEMINI",
      "track": "Levitate (feat. Otieno Terry)",
      "uri": "spotify:track:3S5foHRNI5lS6V3jZjTC4A"
    },
    {
      "artist": "Scott Miller",
      "album": "Alternative Country Masterpieces",
      "track": "Daddy Raised a Boy",
      "uri": "spotify:track:5GNvUBXSmdKeoY2vsFLXBG"
    },
    {
      "artist": "Lydia Mendoza",
      "album": "Crazy Heart: Original Motion Picture Soundtrack",
      "track": "Mal Hombre",
      "uri": "spotify:track:4mKpvqRQDHbU51mSpeZq7F"
    },
    {
      "artist": "Ryan Bingham",
      "album": "American Love Song",
      "track": "Beautiful and Kind",
      "uri": "spotify:track:0r8Qeq7ay8AAe8gXOrv0yo"
    },
    {
      "artist": "Dan Bern",
      "album": "Alternative Country Masterpieces",
      "track": "Baby Bye Bye",
      "uri": "spotify:track:4ofaAUiEm0IPZbAShuGq80"
    },
    {
      "artist": "JOSEPH",
      "album": "I'm Alone, No You're Not",
      "track": "Honest",
      "uri": "spotify:track:0WIzzUh0vzPHk58d3e8sXJ"
    },
    {
      "artist": "Jeff Bridges",
      "album": "Crazy Heart: Original Motion Picture Soundtrack",
      "track": "Brand New Angel",
      "uri": "spotify:track:5SSVbOB9Xyze7R1rpIntm1"
    },
    {
      "artist": "Leslie Odom Jr.",
      "album": "Hamilton",
      "track": "The Room Where It Happens",
      "uri": "spotify:track:2TK2KSrzXD6W01qjXVjNGh"
    },
    {
      "artist": "Ryan Bingham",
      "album": "American Love Song",
      "track": "Situation Station",
      "uri": "spotify:track:0D8nfD86kk0SW5DuJRwXh5"
    },
    {
      "artist": "Renée Elise Goldsberry",
      "album": "Hamilton",
      "track": "It's Quiet Uptown",
      "uri": "spotify:track:40LYL1Z6xgCn5cBybo5K0D"
    },
    {
      "artist": "Ryan Bingham",
      "album": "Mescalito",
      "track": "Long Way From Georgia",
      "uri": "spotify:track:3uSJRpnk7on9fGNOs8mz9W"
    },
    {
      "artist": "Nikki Lane",
      "album": "Highway Queen",
      "track": "Highway Queen",
      "uri": "spotify:track:57UCn5JwcgcfTZofnB8dLs"
    },
    {
      "artist": "N.W.A.",
      "album": "Straight Outta Compton",
      "track": "Straight Outta Compton",
      "uri": "spotify:track:1W4zC5bmuCIZ5zpxAZojC9"
    },
    {
      "artist": "N.W.A.",
      "album": "Straight Outta Compton",
      "track": "Quiet On Tha Set",
      "uri": "spotify:track:2zZi7Bex57uRJOhQqseWzl"
    },
    {
      "artist": "Peter, Paul and Mary",
      "album": "Legends of the American Folk Music Revival - Their Finest Songs",
      "track": "Lemon tree",
      "uri": "spotify:track:1ORoaqsPh5eWIFlC4g6vOW"
    },
    {
      "artist": "Josh Garrels",
      "album": "Over Oceans",
      "track": "Break Bread",
      "uri": "spotify:track:3Hke7FI4DzCLxwCOp2IeXo"
    },
    {
      "artist": "Ryan Bingham",
      "album": "American Love Song",
      "track": "Got Damn Blues",
      "uri": "spotify:track:2CNjTgmZuIX8Eiah2p0eFt"
    },
    {
      "artist": "Funkadelic",
      "album": "Straight Outta Compton",
      "track": "(Not Just) Knee Deep",
      "uri": "spotify:track:4sOA2mnfNVpGZNWLH9JEwQ"
    },
    {
      "artist": "Ryan Bingham",
      "album": "Mescalito",
      "track": "Southside Of Heaven",
      "uri": "spotify:track:6aLl1AjRbo4ddJZh7Hzazx"
    },
    {
      "artist": "Kitty Wells",
      "album": "Crazy Heart: Original Motion Picture Soundtrack",
      "track": "Searching (For Someone Like You)",
      "uri": "spotify:track:2CAEYmWO8WvOKK550bUGze"
    },
    {
      "artist": "Ryan Bingham",
      "album": "Crazy Heart: Original Motion Picture Soundtrack",
      "track": "I Don't Know",
      "uri": "spotify:track:378mItCjQmneVWUNy4Vpce"
    },
    {
      "artist": "Bob Wire",
      "album": "Montana Matters",
      "track": "Go Butte",
      "uri": "spotify:track:7ygZErUHLf5ZzcL21qjXQu"
    },
    {
      "artist": "D Smoke",
      "album": "Black Habits",
      "track": "Gaspar Yanga",
      "uri": "spotify:track:5jd4jhBSIU14CKHN7gGl7x"
    },
    {
      "artist": "Lin-Manuel Miranda",
      "album": "Hamilton",
      "track": "Stay Alive - Reprise",
      "uri": "spotify:track:2ydKgIVZAQXeYLWtxU8DFS"
    },
    {
      "artist": "Kendrick Lamar",
      "album": "To Pimp A Butterfly",
      "track": "Momma",
      "uri": "spotify:track:0CjJqkWOpIUXdem5hUcxAk"
    },
    {
      "artist": "Aaron Copland",
      "album": "Copland: Billy the Kid, Rodeo, El Salón México & An Outdoor Overture",
      "track": "Billy the Kid: Street in a Frontier Town",
      "uri": "spotify:track:458gyADCxYwTkdaW2aMu73"
    },
    {
      "artist": "Lucinda Williams",
      "album": "Crazy Heart: Original Motion Picture Soundtrack",
      "track": "Joy",
      "uri": "spotify:track:6GqjdQhFUlZXppj8Et0b8K"
    },
    {
      "artist": "Jeff Bridges",
      "album": "Crazy Heart: Original Motion Picture Soundtrack",
      "track": "Hold on You",
      "uri": "spotify:track:33tN1vfpC1kO9PSM3mTjOj"
    },
    {
      "artist": "Macklemore",
      "album": "GEMINI",
      "track": "How to Play the Flute (feat. King Draino)",
      "uri": "spotify:track:61LwlLA6HkrEcGp6kwKiGg"
    },
    {
      "artist": "Macklemore",
      "album": "GEMINI",
      "track": "Church (feat. Xperience)",
      "uri": "spotify:track:3R68iUwgcJ6cXSbjt3kRjw"
    },
    {
      "artist": "Renée Elise Goldsberry",
      "album": "Hamilton",
      "track": "The Schuyler Sisters",
      "uri": "spotify:track:71X7bPDljJHrmEGYCe7kQ8"
    },
    {
      "artist": "Thomas Canning",
      "album": "Crazy Heart: Original Motion Picture Soundtrack",
      "track": "Wesley's Piano",
      "uri": "spotify:track:6A74W4QZ5IPi9lnUpm3GFq"
    },
    {
      "artist": "The Delmore Brothers",
      "album": "Crazy Heart: Original Motion Picture Soundtrack",
      "track": "I Let the Freight Train Carry Me On",
      "uri": "spotify:track:2uNhvtQWIjtAOqy7dcTKSL"
    },
    {
      "artist": "Patrick Doyle",
      "album": "Glory! Music of Rejoicing",
      "track": "Non Nobis, Domine (From \"Henry V')",
      "uri": "spotify:track:0cGKXCObzZUhtRHK8C0wWA"
    },
    {
      "artist": "Shane Clouse",
      "album": "Montana Matters",
      "track": "Montana Matters",
      "uri": "spotify:track:5G1QZ02QcjY5xKTuqtUVl0"
    },
    {
      "artist": "Aaron Copland",
      "album": "Copland: Billy the Kid, Rodeo, El Salón México & An Outdoor Overture",
      "track": "Billy the Kid: Billy in the Desert: Waltz",
      "uri": "spotify:track:6L1FqjrfUKWudS7WLvmWpv"
    },
    {
      "artist": "Christopher Jackson",
      "album": "Hamilton",
      "track": "History Has Its Eyes on You",
      "uri": "spotify:track:1mGO8rwCE9zk7H06OxcU5m"
    },
    {
      "artist": "Ronald Binge",
      "album": "The Best Of British Light Music",
      "track": "Sailing By",
      "uri": "spotify:track:6sJzL3pMlJlujDuI4e13kX"
    },
    {
      "artist": "Ryan Bingham",
      "album": "American Love Song",
      "track": "Nothin' Holds Me Down",
      "uri": "spotify:track:3tSw0LPnGlbM4Y7YtyXHgH"
    },
    {
      "artist": "Aaron Copland",
      "album": "Copland: Billy the Kid, Rodeo, El Salón México & An Outdoor Overture",
      "track": "Rodeo: Ranch House Party",
      "uri": "spotify:track:2YRu7mVoZsNDxTKbrJ5xJS"
    },
    {
      "artist": "Murder By Death",
      "album": "Alternative Country Masterpieces",
      "track": "Sometimes the Line Walks You",
      "uri": "spotify:track:30RfjOlJtxtwqFyJKUIjag"
    },
    {
      "artist": "D Smoke",
      "album": "Rhythm + Flow: Music Videos Episode (Music from the Netflix Original Series)",
      "track": "Let Migo",
      "uri": "spotify:track:64o5zHN3gLrANlEUFJAaI2"
    },
    {
      "artist": "Lightnin' Hopkins",
      "album": "Crazy Heart: Original Motion Picture Soundtrack",
      "track": "Once a Gambler",
      "uri": "spotify:track:34MMeMxFZTorADmzIU523h"
    },
    {
      "artist": "Hamilton Leithauser + Rostam",
      "album": "I Had A Dream That You Were Mine",
      "track": "When The Truth Is...",
      "uri": "spotify:track:7hnoEZohPYJtuoKfp4pHSw"
    },
    {
      "artist": "Ryan Bingham",
      "album": "Mescalito",
      "track": "Dollar A Day",
      "uri": "spotify:track:0vSXc4Ie2f7qMT7dYVwCOX"
    },
    {
      "artist": "Original Broadway Cast of Hamilton",
      "album": "Hamilton",
      "track": "Yorktown (The World Turned Upside Down)",
      "uri": "spotify:track:733tju3KUeatsbjcTRQ04i"
    },
    {
      "artist": "Greg Trooper",
      "album": "Alternative Country Masterpieces",
      "track": "Make It Through This World",
      "uri": "spotify:track:5BtQY2oBHHtluDx9GruWee"
    },
    {
      "artist": "Macklemore",
      "album": "GEMINI",
      "track": "Ten Million",
      "uri": "spotify:track:2vlWFxvJ1sapI9yULzm6ma"
    },
    {
      "artist": "Michael Messer",
      "album": "Alternative Country Masterpieces",
      "track": "Steve Cropper",
      "uri": "spotify:track:54v5H4mlztiNAtdXQQQ4o4"
    },
    {
      "artist": "Ryan Bingham",
      "album": "American Love Song",
      "track": "Blues Lady",
      "uri": "spotify:track:79kDtnVLmJ2zNYfVTTZjg0"
    },
    {
      "artist": "JOSEPH",
      "album": "I'm Alone, No You're Not",
      "track": "Canyon",
      "uri": "spotify:track:5ZmzCsLLu605RHTFqeKmop"
    },
    {
      "artist": "Guy Clark",
      "album": "Alternative Country Masterpieces",
      "track": "Heavy Metal",
      "uri": "spotify:track:2c9ZakQZU25YAMmW1qppWY"
    },
    {
      "artist": "Aaron Copland",
      "album": "Copland: Billy the Kid, Rodeo, El Salón México & An Outdoor Overture",
      "track": "Fantasía Mexicana (From \"Fiesta\"): El salon Mexico",
      "uri": "spotify:track:5X2npFr3Qjw2TGWa8XvERB"
    },
    {
      "artist": "Jeff Bridges",
      "album": "Crazy Heart: Original Motion Picture Soundtrack",
      "track": "Fallin' & Flyin'",
      "uri": "spotify:track:2Zhlrx4dh3GlYKsju4Qd0K"
    },
    {
      "artist": "Thunderstorm Sound Bank",
      "album": "Thunder & Rain Relaxation",
      "track": "Monsun Thunderstorm",
      "uri": "spotify:track:63qps2UseM4TTaciTdeK59"
    },
    {
      "artist": "Peter, Paul and Mary",
      "album": "Legends of the American Folk Music Revival - Their Finest Songs",
      "track": "It's raining",
      "uri": "spotify:track:0bHzqgRjVi75zhKOyFRiHf"
    },
    {
      "artist": "Rob Quist",
      "album": "Montana Matters",
      "track": "Roll On Forever",
      "uri": "spotify:track:34eNNB8m7bBp7mBLdfqFlY"
    },
    {
      "artist": "Jamila Woods",
      "album": "HEAVN",
      "track": "Holy",
      "uri": "spotify:track:5JdNrqdRbwYoZeuErHRf1J"
    },
    {
      "artist": "Arcade Fire",
      "album": "The Suburbs Deluxe",
      "track": "Rococo",
      "uri": "spotify:track:5IuOidTmyyKbksowiouoAb"
    },
    {
      "artist": "Jonathan Groff",
      "album": "Hamilton",
      "track": "I Know Him",
      "uri": "spotify:track:4eeN8erNIbW2osT0knz5vT"
    },
    {
      "artist": "Macklemore",
      "album": "GEMINI",
      "track": "Good Old Days (feat. Kesha)",
      "uri": "spotify:track:2Za1AlJNvksouPPWbXpR2X"
    },
    {
      "artist": "Kendrick Lamar",
      "album": "To Pimp A Butterfly",
      "track": "Institutionalized",
      "uri": "spotify:track:4oFtLSgHyZPNYDCcANhTnO"
    },
    {
      "artist": "Shane Clouse",
      "album": "Montana Matters",
      "track": "Outro",
      "uri": "spotify:track:7C0dTcIHQag42lIlfOXoQj"
    },
    {
      "artist": "Original Broadway Cast of Hamilton",
      "album": "Hamilton",
      "track": "The Reynolds Pamphlet",
      "uri": "spotify:track:7D1Lf7N7AtCuEq5PGJtIPz"
    },
    {
      "artist": "Anthony Ramos",
      "album": "Hamilton",
      "track": "Blow Us All Away",
      "uri": "spotify:track:6lsFGDo1IEEPFKh94c9kFe"
    },
    {
      "artist": "Arcade Fire",
      "album": "The Suburbs Deluxe",
      "track": "Wasted Hours (A Life That We Can Live)",
      "uri": "spotify:track:2CL2dVbVuY4yaW9p6Ws8i9"
    },
    {
      "artist": "Lin-Manuel Miranda",
      "album": "Hamilton",
      "track": "We Know",
      "uri": "spotify:track:1DLfR4MOfLYbV6v3xrmWa8"
    },
    {
      "artist": "Buck Owens",
      "album": "Crazy Heart: Original Motion Picture Soundtrack",
      "track": "Hello Trouble",
      "uri": "spotify:track:28QZPqUZ3KimxcEJDlLomv"
    },
    {
      "artist": "Kendrick Lamar",
      "album": "To Pimp A Butterfly",
      "track": "For Free? - Interlude",
      "uri": "spotify:track:75izAeHlGuOgA865CFDyIv"
    },
    {
      "artist": "Jonathan Groff",
      "album": "Hamilton",
      "track": "What Comes Next?",
      "uri": "spotify:track:3D4J0o9w44QKFrBrYrSVJY"
    },
    {
      "artist": "N.W.A.",
      "album": "Straight Outta Compton",
      "track": "Fuck Tha Police",
      "uri": "spotify:track:3TE9GbcsnQrxUrqpdpb8I0"
    },
    {
      "artist": "Leslie Odom Jr.",
      "album": "Hamilton",
      "track": "Non-Stop",
      "uri": "spotify:track:7qfoq1JFKBUEIvhqOHzuqX"
    },
    {
      "artist": "Dr. Dre",
      "album": "Straight Outta Compton",
      "track": "Nuthin' But A \"G\" Thang",
      "uri": "spotify:track:5QweA9yLsFBsBtCYJNQ24w"
    },
    {
      "artist": "Ryan Bingham",
      "album": "Ryan Bingham Live",
      "track": "Sunshine - Live",
      "uri": "spotify:track:6kmdSEKxEMzlbzL5eqek2a"
    },
    {
      "artist": "JOSEPH",
      "album": "I'm Alone, No You're Not",
      "track": "White Flag",
      "uri": "spotify:track:2cDx3NJJoxmWmtmi3o0nj9"
    },
    {
      "artist": "Macklemore",
      "album": "GEMINI",
      "track": "Zara (feat. Abir)",
      "uri": "spotify:track:4IlBZXHTwY7DoxA4piiHtM"
    },
    {
      "artist": "Ryan Bingham",
      "album": "Mescalito",
      "track": "Don't Wait For Me",
      "uri": "spotify:track:4hu7wVmxNdpsiY3Xswmlpb"
    },
    {
      "artist": "Ryan Bingham",
      "album": "Crazy Heart: Original Motion Picture Soundtrack",
      "track": "The Weary Kind (Theme from Crazy Heart)",
      "uri": "spotify:track:4RNWtg4RBgomLc5evNQCsi"
    },
    {
      "artist": "Leslie Odom Jr.",
      "album": "Hamilton",
      "track": "The World Was Wide Enough",
      "uri": "spotify:track:0P09TBGSKiQwfUsEh1UafT"
    },
    {
      "artist": "Jon Dee Graham",
      "album": "Alternative Country Masterpieces",
      "track": "Helpess",
      "uri": "spotify:track:0A9wLegxbHYPpRpQXL1wZi"
    },
    {
      "artist": "Macklemore",
      "album": "GEMINI",
      "track": "Excavate (feat. Saint Claire)",
      "uri": "spotify:track:2KrMF8DGJrhADg3rPtWFZy"
    },
    {
      "artist": "Eazy-E",
      "album": "Straight Outta Compton",
      "track": "We Want Eazy",
      "uri": "spotify:track:5MoADCqapbz4kXUeoQIMD8"
    },
    {
      "artist": "Ryan Bingham",
      "album": "American Love Song",
      "track": "Time for My Mind",
      "uri": "spotify:track:2Q7qnu1S2Y7wuMdoiVrCs5"
    },
    {
      "artist": "Macklemore",
      "album": "GEMINI",
      "track": "Marmalade (feat. Lil Yachty)",
      "uri": "spotify:track:7bsnTsbiwOymZWjPF9v6Di"
    },
    {
      "artist": "Waylon Jennings",
      "album": "Crazy Heart: Original Motion Picture Soundtrack",
      "track": "Are You Sure Hank Done It This Way",
      "uri": "spotify:track:5tnTazD0CDMCAPgCXMZ2D4"
    },
    {
      "artist": "Peter, Paul and Mary",
      "album": "Legends of the American Folk Music Revival - Their Finest Songs",
      "track": "Sorrow",
      "uri": "spotify:track:6CcSR2CvRIewhHHsdPZxdY"
    },
    {
      "artist": "N.W.A.",
      "album": "Straight Outta Compton",
      "track": "Express Yourself",
      "uri": "spotify:track:29LXywbHsHAe4oAxdL5GeV"
    },
    {
      "artist": "Edgar Meyer",
      "album": "The Best of Edgar Meyer",
      "track": "Sliding Down",
      "uri": "spotify:track:2KKAsmZmWc6eCuAutwGewl"
    },
    {
      "artist": "Aaron Copland",
      "album": "Copland: Billy the Kid, Rodeo, El Salón México & An Outdoor Overture",
      "track": "Rodeo: Buckaroo Holiday",
      "uri": "spotify:track:01hihLj58R70MubKG43tDT"
    },
    {
      "artist": "Shane Clouse",
      "album": "Montana Matters",
      "track": "Montana On My Mind",
      "uri": "spotify:track:1ni8ferpJcTWAqjjqe6KiJ"
    },
    {
      "artist": "Dawes",
      "album": "All Your Favorite Bands",
      "track": "Things Happen",
      "uri": "spotify:track:2SYvX2G6D5SD6BpijIOBpG"
    },
    {
      "artist": "Ice Cube",
      "album": "Straight Outta Compton",
      "track": "No Vaseline",
      "uri": "spotify:track:5JIQFjb6QwuKMhip2VW0QD"
    },
    {
      "artist": "Ryan Bingham",
      "album": "Mescalito",
      "track": "Boracho Station",
      "uri": "spotify:track:7oh1Dh0bUmFvFV0HgYdfqE"
    },
    {
      "artist": "Ryan Bingham",
      "album": "Mescalito",
      "track": "For What It's Worth/Best Of Me",
      "uri": "spotify:track:0pdHUC4mw49autRafEha3T"
    },
    {
      "artist": "Ryan Bingham",
      "album": "Ryan Bingham Live",
      "track": "Southside of Heaven - Live",
      "uri": "spotify:track:2ZYEosIJZbmyuxKKT8Mxwa"
    },
    {
      "artist": "Ryan Bingham",
      "album": "American Love Song",
      "track": "America",
      "uri": "spotify:track:5GOdN3y1m0pjoMC4OKifIp"
    },
    {
      "artist": "JOSEPH",
      "album": "I'm Alone, No You're Not",
      "track": "I Don't Mind",
      "uri": "spotify:track:44nUsirlHRFxtTNNfvNM9H"
    },
    {
      "artist": "Arcade Fire",
      "album": "The Suburbs Deluxe",
      "track": "City With No Children",
      "uri": "spotify:track:29fZ666rX15qbxBqcsJQKW"
    },
    {
      "artist": "Ryan Bingham",
      "album": "Ryan Bingham Live",
      "track": "The Weary Kind - Live",
      "uri": "spotify:track:5mR9ac7miiT4XNLXLkZSfN"
    },
    {
      "artist": "Ryan Bingham",
      "album": "Mescalito",
      "track": "Take It Easy Mama",
      "uri": "spotify:track:4ae5DEYiJXguaLvXgbuHQq"
    },
    {
      "artist": "Leslie Odom Jr.",
      "album": "Hamilton",
      "track": "Guns and Ships",
      "uri": "spotify:track:7m9XR7FquXLP1FewdAcNS9"
    },
    {
      "artist": "Original Broadway Cast of Hamilton",
      "album": "Hamilton",
      "track": "The Adams Administration",
      "uri": "spotify:track:68Ijc4fPmT3P5BN6Vrl2s2"
    },
    {
      "artist": "Colin Farrell & Jeff Bridges",
      "album": "Crazy Heart: Original Motion Picture Soundtrack",
      "track": "Fallin' & Flyin'",
      "uri": "spotify:track:3ss2FR47cGHaRB8Tugcc4u"
    },
    {
      "artist": "The Alternate Routes",
      "album": "Alternative Country Masterpieces",
      "track": "Desdemona (Featuring Patty Griffin)",
      "uri": "spotify:track:14DgeJlvf2oseXIX89dVLh"
    },
    {
      "artist": "Old Man Saxon",
      "album": "The Peacock Honey",
      "track": "Got No Chill",
      "uri": "spotify:track:56l0xeZzVg71Ce8f8SoxdU"
    },
    {
      "artist": "Aaron Copland",
      "album": "Copland: Billy the Kid, Rodeo, El Salón México & An Outdoor Overture",
      "track": "Billy the Kid: The Open Prairie Again",
      "uri": "spotify:track:3mwMvbRlDGCzbSaPeMaByD"
    },
    {
      "artist": "Ryan Bingham",
      "album": "Ryan Bingham Live",
      "track": "My Diamond is Too Rough - Live",
      "uri": "spotify:track:1fflGyLKWn86iaTC1vpIjp"
    },
    {
      "artist": "Shane Clouse",
      "album": "Montana Matters",
      "track": "The Barn Song",
      "uri": "spotify:track:1VkvSoCy5tp39Qn8DPKWpa"
    },
    {
      "artist": "Arcade Fire",
      "album": "The Suburbs Deluxe",
      "track": "Sprawl II (Mountains Beyond Mountains)",
      "uri": "spotify:track:2GO8ZpAPxr1obsQ9PqSQc5"
    },
    {
      "artist": "Phillipa Soo",
      "album": "Hamilton",
      "track": "That Would Be Enough",
      "uri": "spotify:track:6oF8ueLn5hIl4PRp17sxW6"
    },
    {
      "artist": "Macklemore",
      "album": "GEMINI",
      "track": "Over It (feat. Donna Missal)",
      "uri": "spotify:track:2JjkHuu2A0A0hvewiZKutV"
    },
    {
      "artist": "N.W.A.",
      "album": "Straight Outta Compton",
      "track": "Dopeman - Remix",
      "uri": "spotify:track:3MkizOrZBSTnOTBj4o5dsv"
    },
    {
      "artist": "Mike Ulvila",
      "album": "Montana Matters",
      "track": "From My Home",
      "uri": "spotify:track:0vAmiHLWRGaOq72BeqAxIO"
    },
    {
      "artist": "Aaron Copland",
      "album": "Copland: Billy the Kid, Rodeo, El Salón México & An Outdoor Overture",
      "track": "Billy the Kid: Celebration",
      "uri": "spotify:track:3DOAigNrsmRL9jQRf8Xhc3"
    },
    {
      "artist": "Frank Black",
      "album": "Alternative Country Masterpieces",
      "track": "Dark End of the Street",
      "uri": "spotify:track:710RysYW5l0JlTL1S7ef70"
    },
    {
      "artist": "Phillipa Soo",
      "album": "Hamilton",
      "track": "Burn",
      "uri": "spotify:track:4B3qvzOMzLQXLeYgPsG3KA"
    },
    {
      "artist": "Keith Jarrett",
      "album": "The Köln Concert",
      "track": "Köln, January 24, 1975, Pt. II B - Live",
      "uri": "spotify:track:5E2TkoLzEpqvxwWzkgh0kT"
    },
    {
      "artist": "The Jayhawks",
      "album": "Alternative Country Masterpieces",
      "track": "Last to Know",
      "uri": "spotify:track:54FAgmscz7KXgsavtL1L5T"
    },
    {
      "artist": "Lin-Manuel Miranda",
      "album": "Hamilton",
      "track": "Meet Me Inside",
      "uri": "spotify:track:6p7jXaTJdpzGWnOJoK2jYr"
    },
    {
      "artist": "Jasmine Cephas-Jones",
      "album": "Hamilton",
      "track": "Say No to This",
      "uri": "spotify:track:3s9itRgJYcKhem01P17865"
    },
    {
      "artist": "Mick Jenkins",
      "album": "The Water (S)",
      "track": "Jazz",
      "uri": "spotify:track:2rk0lCpO1vkKAQ6BC8bjUX"
    },
    {
      "artist": "JOSEPH",
      "album": "I'm Alone, No You're Not",
      "track": "Whirlwind",
      "uri": "spotify:track:6A2waj2y96ZmeLcxrrjf1B"
    },
    {
      "artist": "Kendrick Lamar",
      "album": "To Pimp A Butterfly",
      "track": "These Walls",
      "uri": "spotify:track:7uWVT3UkCAZyANvv0bdyQn"
    },
    {
      "artist": "Kendrick Lamar",
      "album": "To Pimp A Butterfly",
      "track": "How Much A Dollar Cost",
      "uri": "spotify:track:4tQcyj5488alHT1ZgFduzn"
    },
    {
      "artist": "N.W.A.",
      "album": "Straight Outta Compton",
      "track": "8 Ball - Remix",
      "uri": "spotify:track:4ocqdU2oWsGpdWIATQHLa5"
    },
    {
      "artist": "Ryan Bingham",
      "album": "Mescalito",
      "track": "Sunshine",
      "uri": "spotify:track:41J9mkbAwGq9LAJdeJuyc3"
    },
    {
      "artist": "Arcade Fire",
      "album": "The Suburbs Deluxe",
      "track": "Half Light II (No Celebration)",
      "uri": "spotify:track:7Ia9fLjPikSNUf9dWnfiaK"
    },
    {
      "artist": "Peter, Paul and Mary",
      "album": "Legends of the American Folk Music Revival - Their Finest Songs",
      "track": "Bamboo",
      "uri": "spotify:track:0NDr0k94Dgdkrl1YCAl8H7"
    },
    {
      "artist": "Macklemore",
      "album": "GEMINI",
      "track": "Miracle (feat. Dan Caplen)",
      "uri": "spotify:track:7seAyaKcGBCEJff8Zf3YyU"
    },
    {
      "artist": "Peter, Paul and Mary",
      "album": "Legends of the American Folk Music Revival - Their Finest Songs",
      "track": "If I had a hammer",
      "uri": "spotify:track:4iZI0Z4A7gSnWGkCSzHjG9"
    },
    {
      "artist": "Christopher Jackson",
      "album": "Hamilton",
      "track": "One Last Time",
      "uri": "spotify:track:0Iys022UwQ8xBfxE1g4nWZ"
    },
    {
      "artist": "N.W.A.",
      "album": "Straight Outta Compton",
      "track": "Gangsta Gangsta",
      "uri": "spotify:track:0NnfL73Kxwch4L25dZjYmg"
    },
    {
      "artist": "Jessica Kilroy",
      "album": "Montana Matters",
      "track": "Home",
      "uri": "spotify:track:2QGYyhTkfsRo6RznaN1pIs"
    },
    {
      "artist": "Colin Farrell",
      "album": "Crazy Heart: Original Motion Picture Soundtrack",
      "track": "Gone, Gone, Gone",
      "uri": "spotify:track:65B285BL1tT4bQlMDYaZe1"
    },
    {
      "artist": "Arcade Fire",
      "album": "The Suburbs Deluxe",
      "track": "Empty Room",
      "uri": "spotify:track:44o54N8hO71lPK8vUYsCMQ"
    },
    {
      "artist": "Daveed Diggs",
      "album": "Hamilton",
      "track": "The Election of 1800",
      "uri": "spotify:track:0LpHC9mhPAQC98IjXZIrif"
    },
    {
      "artist": "Arcade Fire",
      "album": "The Suburbs Deluxe",
      "track": "Culture War",
      "uri": "spotify:track:5bZIeTIghhRgUNG8Yw1cl9"
    },
    {
      "artist": "Aaron Copland",
      "album": "Copland: Billy the Kid, Rodeo, El Salón México & An Outdoor Overture",
      "track": "Rodeo: Hoe-Down",
      "uri": "spotify:track:6s4fr2jtde9hGhFSLMpv77"
    },
    {
      "artist": "Shawn Mullins",
      "album": "Alternative Country Masterpieces",
      "track": "Tinseltown",
      "uri": "spotify:track:5YlyCfv29dhjyaqx1E4lHE"
    },
    {
      "artist": "Steve Earle",
      "album": "Alternative Country Masterpieces",
      "track": "Paradise",
      "uri": "spotify:track:7DljzDq9sOqmC9Eq2J32HR"
    },
    {
      "artist": "Venice",
      "album": "Alternative Country Masterpieces",
      "track": "The Road to Where You Are",
      "uri": "spotify:track:6in1XMSfkhwnRS3iKfq4eh"
    },
    {
      "artist": "Jason Isbell and the 400 Unit",
      "album": "The Nashville Sound",
      "track": "Something to Love",
      "uri": "spotify:track:6wz5dM3c7Ax2pkODQG6rYN"
    },
    {
      "artist": "Hamilton Leithauser + Rostam",
      "album": "I Had A Dream That You Were Mine",
      "track": "A 1000 Times",
      "uri": "spotify:track:0s2daWQFrTz6UYhPQqHTYx"
    },
    {
      "artist": "Aaron Copland",
      "album": "Copland: Billy the Kid, Rodeo, El Salón México & An Outdoor Overture",
      "track": "Billy the Kid: Mexican Dance and Finale",
      "uri": "spotify:track:6ZrjRYVu1xHYXozq5hiqh0"
    },
    {
      "artist": "The Minus 5",
      "album": "Alternative Country Masterpieces",
      "track": "Cigarettes Coffee and Booze",
      "uri": "spotify:track:3VbksD93GdhM8fB95GGAjR"
    },
    {
      "artist": "Leslie Odom Jr.",
      "album": "Hamilton",
      "track": "Your Obedient Servant",
      "uri": "spotify:track:6SHI6STEW51cQkAXBRpLNj"
    },
    {
      "artist": "Kendrick Lamar",
      "album": "To Pimp A Butterfly",
      "track": "Alright",
      "uri": "spotify:track:3iVcZ5G6tvkXZkZKlMpIUs"
    },
    {
      "artist": "Original Broadway Cast of Hamilton",
      "album": "Hamilton",
      "track": "Who Lives, Who Dies, Who Tells Your Story",
      "uri": "spotify:track:7EsSVPxaYoAZjQwhspJBs2"
    },
    {
      "artist": "Keith Jarrett",
      "album": "The Köln Concert",
      "track": "Köln, January 24, 1975, Pt. II A - Live",
      "uri": "spotify:track:3hrt1fLgEZIZPONUbcDY0c"
    },
    {
      "artist": "Macklemore",
      "album": "GEMINI",
      "track": "Intentions (feat. Dan Caplen)",
      "uri": "spotify:track:51Bpjq1BdQlS3V852vJCw7"
    },
    {
      "artist": "Amos Lee",
      "album": "Amos Lee",
      "track": "Black River",
      "uri": "spotify:track:4Bf22AlhZqSIlCV6xqYfp7"
    },
    {
      "artist": "Traditional",
      "album": "Elgar",
      "track": "Blow The Wind Southerly (Arr. Kanneh-Mason)",
      "uri": "spotify:track:5NHQ6e1JkQ5zsvzIRkqDhh"
    },
    {
      "artist": "Leslie Odom Jr.",
      "album": "Hamilton",
      "track": "Alexander Hamilton",
      "uri": "spotify:track:4TTV7EcfroSLWzXRY6gLv6"
    },
    {
      "artist": "Ryan Bingham",
      "album": "Americana Country Mix",
      "track": "Bread & Water",
      "uri": "spotify:track:3gHWZtjLchOrhZB1BY0ixo"
    },
    {
      "artist": "Ryan Bingham",
      "album": "American Love Song",
      "track": "Jingle and Go",
      "uri": "spotify:track:42Wvzdf5yRnjE3C6XjYYVV"
    },
    {
      "artist": "Arcade Fire",
      "album": "The Suburbs Deluxe",
      "track": "Speaking in Tongues (feat. David Byrne)",
      "uri": "spotify:track:3yl7bdAZKhCE3Dxgl2lzIb"
    },
    {
      "artist": "Kendrick Lamar",
      "album": "To Pimp A Butterfly",
      "track": "i",
      "uri": "spotify:track:3ODXRUPL44f04cCacwiCLC"
    },
    {
      "artist": "Leslie Odom Jr.",
      "album": "Hamilton",
      "track": "Dear Theodosia",
      "uri": "spotify:track:2sEq2rC3ynYsT49x7utWnd"
    },
    {
      "artist": "Hamilton Leithauser + Rostam",
      "album": "I Had A Dream That You Were Mine",
      "track": "Peaceful Morning",
      "uri": "spotify:track:20924e5qvtM0TXpfGNCMsg"
    },
    {
      "artist": "Macklemore",
      "album": "GEMINI",
      "track": "Glorious (feat. Skylar Grey)",
      "uri": "spotify:track:0CokSRCu5hZgPxcZBaEzVE"
    },
    {
      "artist": "Arcade Fire",
      "album": "The Suburbs Deluxe",
      "track": "Suburban War",
      "uri": "spotify:track:3OgQWZf19Ennv0SS5RmGz6"
    },
    {
      "artist": "Ryan Bingham",
      "album": "American Love Song",
      "track": "Pontiac",
      "uri": "spotify:track:5w3vDeOzEsdKfFUWho5kCy"
    },
    {
      "artist": "Peter, Paul and Mary",
      "album": "Legends of the American Folk Music Revival - Their Finest Songs",
      "track": "Cruel War",
      "uri": "spotify:track:3yQRJEC1verv8nlqYV1bp0"
    },
    {
      "artist": "Peter, Paul and Mary",
      "album": "Legends of the American Folk Music Revival - Their Finest Songs",
      "track": "This train",
      "uri": "spotify:track:5nX1eje9g0ysFGmiXo6g0e"
    },
    {
      "artist": "Kendrick Lamar",
      "album": "To Pimp A Butterfly",
      "track": "For Sale? - Interlude",
      "uri": "spotify:track:7unx2Rvsq8D0RfOLRXclTA"
    },
    {
      "artist": "Leslie Odom Jr.",
      "album": "Hamilton",
      "track": "A Winter's Ball",
      "uri": "spotify:track:2yBMVrq96wb9OHbMdBs0lF"
    },
    {
      "artist": "Los Lonely Boys",
      "album": "Alternative Country Masterpieces",
      "track": "Castanets",
      "uri": "spotify:track:6ArQoOvGmamD7W88nIRGCd"
    },
    {
      "artist": "Arcade Fire",
      "album": "The Suburbs Deluxe",
      "track": "Half Light I",
      "uri": "spotify:track:1LNMORXyEf8eKfBVuLgiH6"
    },
    {
      "artist": "Ryan Bingham",
      "album": "Ryan Bingham Live",
      "track": "Depression - Live",
      "uri": "spotify:track:3oqVUZwrYWzUQ6URQvRa5K"
    },
    {
      "artist": "Peter, Paul and Mary",
      "album": "Legends of the American Folk Music Revival - Their Finest Songs",
      "track": "f I had my way",
      "uri": "spotify:track:72HE4R9aPS2P47x3Q9LAkK"
    },
    {
      "artist": "Thayne Jasperson",
      "album": "Hamilton",
      "track": "Farmer Refuted",
      "uri": "spotify:track:2G9lekfCh83S0lt2yfffBz"
    },
    {
      "artist": "Peter Case",
      "album": "Alternative Country Masterpieces",
      "track": "Coulda Shoulda Woulda",
      "uri": "spotify:track:3FfA7MsrqDMX3aYSjBqfq5"
    },
    {
      "artist": "Ryan Bingham",
      "album": "Ryan Bingham Live",
      "track": "Hallelujah - Live",
      "uri": "spotify:track:0ES37fje26P6Vci3RT0JsZ"
    },
    {
      "artist": "JOSEPH",
      "album": "I'm Alone, No You're Not",
      "track": "Blood & Tears",
      "uri": "spotify:track:7B4iQ8RPM3U7gKgySIq8yv"
    },
    {
      "artist": "Renée Elise Goldsberry",
      "album": "Hamilton",
      "track": "Satisfied",
      "uri": "spotify:track:3dP0pLbg9OfVwssDjp9aT0"
    }
  ],
  "albums": [
    {
      "artist": "Shane Clouse",
      "album": "Montana Matters",
      "uri": "spotify:album:4PebEErtPmIyjtp7ZuIiUD"
    },
    {
      "artist": "Various Artists",
      "album": "Crazy Heart: Original Motion Picture Soundtrack",
      "uri": "spotify:album:37dvCriHpMVzbmJGmNqLGz"
    },
    {
      "artist": "Ennio Morricone",
      "album": "85th Anniversary (Live Concert in the Kremlin Palace)",
      "uri": "spotify:album:5FtE3zCov8ivreYFVHtBYR"
    },
    {
      "artist": "J. Philip Newell",
      "album": "Sounds Of The Eternal: Meditative Chants And Prayers",
      "uri": "spotify:album:3LyFwVJh8hgV82VrN1bv71"
    },
    {
      "artist": "Ana Hernandez",
      "album": "Sending You Light",
      "uri": "spotify:album:1mrHsXaltDPY8WbkiOamIV"
    },
    {
      "artist": "Various Artists",
      "album": "Americana Country Mix",
      "uri": "spotify:album:2iMH1SlaOd9AJ00lu9ZeTC"
    },
    {
      "artist": "Peter, Paul and Mary",
      "album": "Legends of the American Folk Music Revival - Their Finest Songs",
      "uri": "spotify:album:36U07puQwZxYbd8rx4fzW0"
    },
    {
      "artist": "Various Artists",
      "album": "10 Things I Hate About You",
      "uri": "spotify:album:3EnOwzB0GDpmVlEzJhOmNR"
    },
    {
      "artist": "Lin-Manuel Miranda",
      "album": "Hamilton",
      "uri": "spotify:album:1kCHru7uhxBUdzkm4gzRQc"
    },
    {
      "artist": "Keith Jarrett",
      "album": "The Köln Concert",
      "uri": "spotify:album:0I8vpSE1bSmysN2PhmHoQg"
    },
    {
      "artist": "Arcade Fire",
      "album": "The Suburbs",
      "uri": "spotify:album:3DrgM5X3yX1JP1liNLAOHI"
    },
    {
      "artist": "Various Artists",
      "album": "Alternative Country Masterpieces",
      "uri": "spotify:album:5kJyeKSrgev5PyfsdYZUgP"
    },
    {
      "artist": "Ryan Bingham",
      "album": "Mescalito",
      "uri": "spotify:album:42sqfix0LCG84XUSOJ0L1D"
    },
    {
      "artist": "Hamilton Leithauser + Rostam",
      "album": "I Had A Dream That You Were Mine",
      "uri": "spotify:album:2TDuXjtpO4tdvm86KVNMk0"
    },
    {
      "artist": "Ryan Bingham",
      "album": "Ryan Bingham Live",
      "uri": "spotify:album:29bty57BCHovTMKuNU0Cod"
    },
    {
      "artist": "Raedio",
      "album": "Insecure: Music From The HBO Original Series, Season 4",
      "uri": "spotify:album:6So5eJKJo1Jyv9Mh8bYnNY"
    },
    {
      "artist": "Arcade Fire",
      "album": "The Suburbs Deluxe",
      "uri": "spotify:album:76Rnn8D33IjnJxv4hQdmRX"
    },
    {
      "artist": "Various Artists",
      "album": "Insecure: Music from the HBO Original Series, Season 3",
      "uri": "spotify:album:3AaaX5cJpQPUzL2UznWu7q"
    },
    {
      "artist": "Ryan Bingham",
      "album": "American Love Song",
      "uri": "spotify:album:6MiafQveSkts5v397zarWq"
    },
    {
      "artist": "Thunderstorm Sound Bank",
      "album": "Thunder & Rain Relaxation",
      "uri": "spotify:album:5Y6fIPchbFHAtc3BaBC9am"
    },
    {
      "artist": "JOSEPH",
      "album": "I'm Alone, No You're Not",
      "uri": "spotify:album:7yLup1hOE1TLRGyUdW07TW"
    },
    {
      "artist": "Aaron Copland",
      "album": "Copland: Billy the Kid, Rodeo, El Salón México & An Outdoor Overture",
      "uri": "spotify:album:3gvDtP5aLxpjNV1OgQ9uTj"
    },
    {
      "artist": "Beyoncé",
      "album": "Lemonade",
      "uri": "spotify:album:7dK54iZuOxXFarGhXwEXfF"
    },
    {
      "artist": "Macklemore",
      "album": "GEMINI",
      "uri": "spotify:album:72qA6s4fjF8Y2VX1UDMfp2"
    },
    {
      "artist": "The Highwomen",
      "album": "The Highwomen",
      "uri": "spotify:album:7sGTt1N5XMIQPCYHAnO1Pl"
    },
    {
      "artist": "The Killers",
      "album": "Run For Cover",
      "uri": "spotify:album:6KbQgKUciqXi0qb2AEOfPQ"
    },
    {
      "artist": "Johannes Brahms",
      "album": "Brahms: Piano Concertos",
      "uri": "spotify:album:2egGFfaZ4wBSDgl7gGST67"
    },
    {
      "artist": "Johann Sebastian Bach",
      "album": "Yo-Yo Ma Plays Bach",
      "uri": "spotify:album:2eM9vnf9lUImBz3cVWkZl1"
    },
    {
      "artist": "Antonio Vivaldi",
      "album": "The Four Seasons & Concertos for Bassoon and Violin \"in tromba marina\"",
      "uri": "spotify:album:1mSVDEox7b18dnZ4Iblnkb"
    },
    {
      "artist": "Various Artists",
      "album": "Straight Outta Compton",
      "uri": "spotify:album:1rMnLDmzyEBRiCj7yoGK2n"
    },
    {
      "artist": "D Smoke",
      "album": "Black Habits (Deluxe)",
      "uri": "spotify:album:0WkqYoTVOLg2ady3z0vusJ"
    },
    {
      "artist": "Kendrick Lamar",
      "album": "To Pimp A Butterfly",
      "uri": "spotify:album:7ycBtnsMtyVbbwTfJwRjSP"
    }
  ],
  "shows": [
    {
      "name": "A Zero To A Hero: Learn Spanish!",
      "publisher": "Babbel",
      "uri": "spotify:show:74gMrfuWZSxXcb3OVmut86"
    },
    {
      "name": "Coffee Break Spanish",
      "publisher": "Radio Lingua Network",
      "uri": "spotify:show:4WYj81C37trSAv42zwnipj"
    },
    {
      "name": "Duolingo Spanish Podcast",
      "publisher": "Duolingo",
      "uri": "spotify:show:2uDEXRSkpRdCmZUw8qt5fh"
    },
    {
      "name": "Eon Zen",
      "publisher": "Paul Gyodo Agostinelli",
      "uri": "spotify:show:202Un94HEeuCIwgiWpCMB9"
    },
    {
      "name": "News in Slow Spanish",
      "publisher": "Linguistica 360",
      "uri": "spotify:show:3DfaUnQ6qypI0qK7tGhp4A"
    },
    {
      "name": "The Michelle Obama Podcast",
      "publisher": "Higher Ground",
      "uri": "spotify:show:71mvGXupfKcmO6jlmOJQTP"
    }
  ],
  "episodes": [
  ],
  "bannedTracks": [
  ],
  "artists": [
    {
      "name": "2Pac",
      "uri": "spotify:artist:1ZwdS5xdxEREPySFridCfh"
    },
    {
      "name": "Aaron Copland",
      "uri": "spotify:artist:0nJvyjVTb8sAULPYyA1bqU"
    },
    {
      "name": "Arcade Fire",
      "uri": "spotify:artist:3kjuyTCjPG1WMFCiyc5IuB"
    },
    {
      "name": "Arlo Guthrie",
      "uri": "spotify:artist:0B6QEFtRnneEzb4iqjI0Nw"
    },
    {
      "name": "Blind Pilot",
      "uri": "spotify:artist:6qiGjRyN7TJ1GA2nXF68Hi"
    },
    {
      "name": "Brandon Flowers",
      "uri": "spotify:artist:18Zv2g2vUcEGqJf6WnjfXN"
    },
    {
      "name": "Calexico",
      "uri": "spotify:artist:1OmdWpAh1pucAuZPzJaxIJ"
    },
    {
      "name": "Classical Arabic Orchestra of Aleppo",
      "uri": "spotify:artist:3vaExYWQCF1Mlksums6K5r"
    },
    {
      "name": "Cloud Cult",
      "uri": "spotify:artist:6R1T5YklzC9OFugGt8RwOD"
    },
    {
      "name": "Cold Crush Brothers",
      "uri": "spotify:artist:7JECb5C75Sdj0DpPE3rVtb"
    },
    {
      "name": "D Smoke",
      "uri": "spotify:artist:23rK0hajv5ix2yPM4IIgOo"
    },
    {
      "name": "Dave Stringer",
      "uri": "spotify:artist:4l0URx9E4btb5kgsuCddaY"
    },
    {
      "name": "David Stringer",
      "uri": "spotify:artist:08klPS1ujd6zbqmb2KI6cE"
    },
    {
      "name": "Dr. Dre",
      "uri": "spotify:artist:6DPYiyq5kWVQS4RGwxzPC7"
    },
    {
      "name": "Ennio Morricone",
      "uri": "spotify:artist:1nIUhcKHnK6iyumRyoV68C"
    },
    {
      "name": "Gasoline Lollipops",
      "uri": "spotify:artist:590hKyYZLEQQLmIgl9ErTl"
    },
    {
      "name": "Green Day",
      "uri": "spotify:artist:7oPftvlwr6VrsViSDV7fJY"
    },
    {
      "name": "Ice Cube",
      "uri": "spotify:artist:3Mcii5XWf6E0lrY3Uky4cA"
    },
    {
      "name": "Indigenous",
      "uri": "spotify:artist:4BMv5TsBZ1EJ4uynEp2vI0"
    },
    {
      "name": "JOSEPH",
      "uri": "spotify:artist:5Wfvw7rDz7HA6gE2z6QhqO"
    },
    {
      "name": "Jack Gladstone",
      "uri": "spotify:artist:3VMou8v9J7qoilB4CXVfAe"
    },
    {
      "name": "Jamila Woods",
      "uri": "spotify:artist:4UodukR17NIQfNu5uaqm9B"
    },
    {
      "name": "Jason Isbell",
      "uri": "spotify:artist:3Q8wgwyVVv0z4UEh1HB0KY"
    },
    {
      "name": "Jeff Bridges",
      "uri": "spotify:artist:266j9hfnayXOZhRRi0sTOu"
    },
    {
      "name": "Jenny Lewis",
      "uri": "spotify:artist:5cMVRrisBpDkXCVG48epED"
    },
    {
      "name": "Keith Jarrett",
      "uri": "spotify:artist:0F3Aew9DSd6fb6192K1K0Y"
    },
    {
      "name": "Kev Choice",
      "uri": "spotify:artist:1a1ba9POHlqdk5VnQW9XN5"
    },
    {
      "name": "Kings of Leon",
      "uri": "spotify:artist:2qk9voo8llSGYcZ6xrBzKx"
    },
    {
      "name": "Loggins & Messina",
      "uri": "spotify:artist:7emRV8AluG3d4e5T0DZiK9"
    },
    {
      "name": "Macklemore",
      "uri": "spotify:artist:3JhNCzhSMTxs9WLGJJxWOY"
    },
    {
      "name": "Macklemore & Ryan Lewis",
      "uri": "spotify:artist:5BcAKTbp20cv7tC5VqPFoC"
    },
    {
      "name": "Minus the Bear",
      "uri": "spotify:artist:0YQBN02bmZvwGNrrWsg2sT"
    },
    {
      "name": "Murder By Death",
      "uri": "spotify:artist:3yrQJxTTj7xS2deLcXiEM3"
    },
    {
      "name": "Noah And The Whale",
      "uri": "spotify:artist:0aeLcja6hKzb7Uz2ou7ulP"
    },
    {
      "name": "Old Man Saxon",
      "uri": "spotify:artist:1D0ulc9Z5jJV7Gtuw7t33U"
    },
    {
      "name": "Rascal Flatts",
      "uri": "spotify:artist:0a1gHP0HAqALbEyxaD5Ngn"
    },
    {
      "name": "Reckless Kelly",
      "uri": "spotify:artist:0jmPjksXqVrO92Urmx58vg"
    },
    {
      "name": "Ryan Bingham",
      "uri": "spotify:artist:31z9f9AyPawiq0qlBO1M3i"
    },
    {
      "name": "Salt-N-Pepa",
      "uri": "spotify:artist:7wqtxqI3eo7Gn1P7SpP6cQ"
    },
    {
      "name": "Sara Watkins",
      "uri": "spotify:artist:1FDE7zZ6jmP8HHb9ej3mek"
    },
    {
      "name": "Sarah Neufeld",
      "uri": "spotify:artist:17YxHBveizVRDwCUBVn1X0"
    },
    {
      "name": "Seth Lakeman",
      "uri": "spotify:artist:1RwWmRFTkxTaJcEbgqid3Z"
    },
    {
      "name": "Sissy Goodhouse",
      "uri": "spotify:artist:16vQUGNtHSKyUH8Ns6ZuIe"
    },
    {
      "name": "Snoop Dogg",
      "uri": "spotify:artist:7hJcb9fa4alzcOq3EaNPoG"
    },
    {
      "name": "Supaman",
      "uri": "spotify:artist:0GBYlnXBzFnCGiaH6dLb6j"
    },
    {
      "name": "TLC",
      "uri": "spotify:artist:0TImkz4nPqjegtVSMZnMRq"
    },
    {
      "name": "The Chieftains",
      "uri": "spotify:artist:6AnrSlk5Gp1YMXgaI3mWCL"
    },
    {
      "name": "The Coup",
      "uri": "spotify:artist:4IvS1ZZ5nyiNMheybfx3Hf"
    },
    {
      "name": "The Decemberists",
      "uri": "spotify:artist:7ITd48RbLVpUfheE7B86o2"
    },
    {
      "name": "The Head And The Heart",
      "uri": "spotify:artist:0n94vC3S9c3mb2HyNAOcjg"
    },
    {
      "name": "The Killers",
      "uri": "spotify:artist:0C0XlULifJtAgn6ZNCW2eu"
    },
    {
      "name": "The Lumineers",
      "uri": "spotify:artist:16oZKvXb6WkQlVAjwo2Wbg"
    },
    {
      "name": "The Mountain Goats",
      "uri": "spotify:artist:3hyGGjxu73JuzBa757H6R5"
    },
    {
      "name": "Vampire Weekend",
      "uri": "spotify:artist:5BvJzeQpmsdsFp4HGUYUEx"
    }
  ],
  "bannedArtists": [
  ],
  "other": [
  ]
}