[
  {
    "platform" : "ANDROID",
    "searchTime" : "2021-07-07T02:26:23.943Z[UTC]",
    "searchQuery" : "sublime",
    "searchInteractionURIs" : [
      "spotify:artist:0EdvGhlC1FkGItLOWQzG4J"
    ]
  },
  {
    "platform" : "ANDROID",
    "searchTime" : "2021-07-07T02:26:41.342Z[UTC]",
    "searchQuery" : "summer time sib",
    "searchInteractionURIs" : [
      "spotify:track:4eamJr2k9YDH8j58RSTmSc"
    ]
  },
  {
    "platform" : "ANDROID",
    "searchTime" : "2021-07-07T02:31:06.632Z[UTC]",
    "searchQuery" : "stone ",
    "searchInteractionURIs" : [
      "spotify:artist:2UazAtjfzqBF0Nho2awK4z"
    ]
  },
  {
    "platform" : "ANDROID",
    "searchTime" : "2021-07-08T00:24:26.159Z[UTC]",
    "searchQuery" : "courtney barnet",
    "searchInteractionURIs" : [
      "spotify:artist:4OOlG5eBXSkSAAEeKjJb5Y"
    ]
  },
  {
    "platform" : "ANDROID",
    "searchTime" : "2021-07-08T01:46:44.319Z[UTC]",
    "searchQuery" : "delta ",
    "searchInteractionURIs" : [
      "spotify:artist:05MlomiA9La0OiNIAGqECk"
    ]
  },
  {
    "platform" : "ANDROID",
    "searchTime" : "2021-07-09T02:46:22.269Z[UTC]",
    "searchQuery" : "pho",
    "searchInteractionURIs" : [
      "spotify:artist:1r1uxoy19fzMxunt3ONAkG"
    ]
  },
  {
    "platform" : "ANDROID",
    "searchTime" : "2021-07-10T01:18:30.058Z[UTC]",
    "searchQuery" : "four ",
    "searchInteractionURIs" : [
      "spotify:artist:0qqxspZOkbN00bu6DaRIrn"
    ]
  },
  {
    "platform" : "ANDROID",
    "searchTime" : "2021-07-13T02:33:44.356Z[UTC]",
    "searchQuery" : "1987",
    "searchInteractionURIs" : [
      "spotify:track:580CcfTxe8eNCcXlTizmPr"
    ]
  },
  {
    "platform" : "ANDROID",
    "searchTime" : "2021-07-15T23:27:34.091Z[UTC]",
    "searchQuery" : "the unvear",
    "searchInteractionURIs" : [
      "spotify:track:16tA1oc5NWXKGLCic1SERc"
    ]
  },
  {
    "platform" : "ANDROID",
    "searchTime" : "2021-07-16T23:30:39.031Z[UTC]",
    "searchQuery" : "current",
    "searchInteractionURIs" : [
      "spotify:artist:0m5FakHKCQdA7UN0PIzMcL"
    ]
  },
  {
    "platform" : "ANDROID",
    "searchTime" : "2021-07-17T00:59:19.677Z[UTC]",
    "searchQuery" : "scarlet",
    "searchInteractionURIs" : [
      "spotify:track:1NpLCZNSYEegtDYCRA5PNN",
      "spotify:track:3euDGpS2R0NC2Xssqxohva"
    ]
  },
  {
    "platform" : "ANDROID",
    "searchTime" : "2021-07-17T16:57:26.556Z[UTC]",
    "searchQuery" : "string cheese",
    "searchInteractionURIs" : [
      "spotify:artist:7N3JfLDzzjXdPbsyco7X0l"
    ]
  },
  {
    "platform" : "ANDROID",
    "searchTime" : "2021-07-19T02:43:25.867Z[UTC]",
    "searchQuery" : "alger",
    "searchInteractionURIs" : [
      "spotify:artist:1BfYXNfaB5HBwHn4gxnEQE"
    ]
  },
  {
    "platform" : "ANDROID",
    "searchTime" : "2021-07-20T00:24:28.852Z[UTC]",
    "searchQuery" : "apgee",
    "searchInteractionURIs" : [
    ]
  },
  {
    "platform" : "ANDROID",
    "searchTime" : "2021-07-20T00:24:36.197Z[UTC]",
    "searchQuery" : "alg",
    "searchInteractionURIs" : [
      "spotify:artist:1BfYXNfaB5HBwHn4gxnEQE"
    ]
  },
  {
    "platform" : "ANDROID",
    "searchTime" : "2021-07-22T02:01:47.489Z[UTC]",
    "searchQuery" : "really from",
    "searchInteractionURIs" : [
      "spotify:artist:1qTmg9Vib3GHabe1ygHW9y"
    ]
  },
  {
    "platform" : "ANDROID",
    "searchTime" : "2021-07-22T19:48:03.899Z[UTC]",
    "searchQuery" : "kim tatlor",
    "searchInteractionURIs" : [
      "spotify:artist:3yF0qqHNkEaE4xc4r1b5bP"
    ]
  },
  {
    "platform" : "ANDROID",
    "searchTime" : "2021-07-22T19:49:20.924Z[UTC]",
    "searchQuery" : "born to run",
    "searchInteractionURIs" : [
      "spotify:track:6hTcuIQa0sxrrByu9wTD7s"
    ]
  },
  {
    "platform" : "ANDROID",
    "searchTime" : "2021-07-22T23:55:15.367Z[UTC]",
    "searchQuery" : "goj",
    "searchInteractionURIs" : [
      "spotify:artist:0GDGKpJFhVpcjIGF8N6Ewt"
    ]
  },
  {
    "platform" : "ANDROID",
    "searchTime" : "2021-07-23T00:38:25.357Z[UTC]",
    "searchQuery" : "Andrew Mogrelia",
    "searchInteractionURIs" : [
      "spotify:artist:7JQlNkPQ2EwNuzjnFia9DO"
    ]
  },
  {
    "platform" : "ANDROID",
    "searchTime" : "2021-07-23T00:38:45.500Z[UTC]",
    "searchQuery" : "Andrew Mogrelia 64",
    "searchInteractionURIs" : [
      "spotify:track:7lg2SyPkcFn0CuYCHgzvq8"
    ]
  },
  {
    "platform" : "ANDROID",
    "searchTime" : "2021-07-23T02:19:03.161Z[UTC]",
    "searchQuery" : "Andrew Mogrelia 64",
    "searchInteractionURIs" : [
      "spotify:track:7lg2SyPkcFn0CuYCHgzvq8"
    ]
  },
  {
    "platform" : "ANDROID",
    "searchTime" : "2021-07-28T23:31:59.803Z[UTC]",
    "searchQuery" : "miss ",
    "searchInteractionURIs" : [
      "spotify:track:2BITQ360Knh6qNAOqR7Dyq"
    ]
  },
  {
    "platform" : "ANDROID",
    "searchTime" : "2021-07-30T00:39:30.149Z[UTC]",
    "searchQuery" : "california stars",
    "searchInteractionURIs" : [
      "spotify:track:38paDDziQ57k1f4VfKTeGk",
      "spotify:track:38paDDziQ57k1f4VfKTeGk",
      "spotify:track:2GHAeoONmKwECBbtxTUqj5"
    ]
  },
  {
    "platform" : "ANDROID",
    "searchTime" : "2021-07-30T21:05:28.406Z[UTC]",
    "searchQuery" : "third",
    "searchInteractionURIs" : [
      "spotify:artist:6TcnmlCSxihzWOQJ8k0rNS"
    ]
  },
  {
    "platform" : "ANDROID",
    "searchTime" : "2021-07-31T01:58:43.191Z[UTC]",
    "searchQuery" : "4 willem",
    "searchInteractionURIs" : [
      "spotify:track:4nWPmn1tqegITYKdZOJpKv"
    ]
  },
  {
    "platform" : "ANDROID",
    "searchTime" : "2021-07-31T01:59:06.915Z[UTC]",
    "searchQuery" : "mick jenkins",
    "searchInteractionURIs" : [
      "spotify:artist:1FvjvACFvko2Z91IvDljrx"
    ]
  },
  {
    "platform" : "ANDROID",
    "searchTime" : "2021-07-31T02:07:33.573Z[UTC]",
    "searchQuery" : "Yearning For Your Love The Gap Band",
    "searchInteractionURIs" : [
      "spotify:track:5qM925z83TMCtj6h0qooVi"
    ]
  },
  {
    "platform" : "ANDROID",
    "searchTime" : "2021-07-31T02:14:08.689Z[UTC]",
    "searchQuery" : "playe",
    "searchInteractionURIs" : [
      "spotify:track:4ns1XFP3W5JPyzvnAjMdHD"
    ]
  },
  {
    "platform" : "ANDROID",
    "searchTime" : "2021-07-31T02:20:43.818Z[UTC]",
    "searchQuery" : "A Love Of Your Own Average White Band",
    "searchInteractionURIs" : [
      "spotify:track:3pbAV1Q2j1mNW78wqegBGt"
    ]
  },
  {
    "platform" : "ANDROID",
    "searchTime" : "2021-07-31T02:29:11.007Z[UTC]",
    "searchQuery" : "caleb",
    "searchInteractionURIs" : [
      "spotify:artist:7bpDJUH5hnffIYHID6h3Et"
    ]
  },
  {
    "platform" : "ANDROID",
    "searchTime" : "2021-07-31T04:58:00.068Z[UTC]",
    "searchQuery" : "Blinding Lights The Weeknd",
    "searchInteractionURIs" : [
      "spotify:track:0VjIjW4GlUZAMYd2vXMi3b"
    ]
  },
  {
    "platform" : "ANDROID",
    "searchTime" : "2021-08-01T18:32:01.703Z[UTC]",
    "searchQuery" : "roller skate",
    "searchInteractionURIs" : [
      "spotify:playlist:5nsltAUc3kWqnN82CoZDAa",
      "spotify:track:3ciMXKwXlLCFcQCyhKblZs"
    ]
  },
  {
    "platform" : "ANDROID",
    "searchTime" : "2021-08-03T15:41:01.670Z[UTC]",
    "searchQuery" : "del5",
    "searchInteractionURIs" : [
      "spotify:artist:05MlomiA9La0OiNIAGqECk"
    ]
  },
  {
    "platform" : "ANDROID",
    "searchTime" : "2021-08-03T22:39:37.472Z[UTC]",
    "searchQuery" : "polish ",
    "searchInteractionURIs" : [
      "spotify:track:5g3TDpgy1J1woAUVuj21EE"
    ]
  },
  {
    "platform" : "ANDROID",
    "searchTime" : "2021-08-04T04:12:05.342Z[UTC]",
    "searchQuery" : "modern baseball",
    "searchInteractionURIs" : [
      "spotify:artist:1HxXNvsraqrsgfmju1yKk8"
    ]
  },
  {
    "platform" : "ANDROID",
    "searchTime" : "2021-08-04T22:21:26.466Z[UTC]",
    "searchQuery" : "animal collective",
    "searchInteractionURIs" : [
      "spotify:artist:4kwxTgCKMipBKhSnEstNKj"
    ]
  },
  {
    "platform" : "ANDROID",
    "searchTime" : "2021-08-05T22:56:52.628Z[UTC]",
    "searchQuery" : "to ke",
    "searchInteractionURIs" : [
      "spotify:track:5zUCUKp6zPDHDYpp9PQHjE",
      "spotify:track:5zUCUKp6zPDHDYpp9PQHjE"
    ]
  },
  {
    "platform" : "ANDROID",
    "searchTime" : "2021-08-06T03:48:16.450Z[UTC]",
    "searchQuery" : "to ke",
    "searchInteractionURIs" : [
      "spotify:track:5zUCUKp6zPDHDYpp9PQHjE"
    ]
  },
  {
    "platform" : "ANDROID",
    "searchTime" : "2021-08-06T16:38:30.352Z[UTC]",
    "searchQuery" : "call ",
    "searchInteractionURIs" : [
      "spotify:show:7bnjJ7Va1nM07Um4Od55dW"
    ]
  },
  {
    "platform" : "ANDROID",
    "searchTime" : "2021-08-08T02:16:38.635Z[UTC]",
    "searchQuery" : "the damned",
    "searchInteractionURIs" : [
      "spotify:artist:6VeL8VhaMjHTPc5uovFl3h"
    ]
  },
  {
    "platform" : "ANDROID",
    "searchTime" : "2021-08-08T17:39:08.853Z[UTC]",
    "searchQuery" : "uzi",
    "searchInteractionURIs" : [
      "spotify:artist:4O15NlyKLIASxsJ0PrXPfz"
    ]
  },
  {
    "platform" : "ANDROID",
    "searchTime" : "2021-08-09T19:53:23.893Z[UTC]",
    "searchQuery" : "mask off",
    "searchInteractionURIs" : [
      "spotify:track:0VgkVdmE4gld66l8iyGjgx"
    ]
  },
  {
    "platform" : "ANDROID",
    "searchTime" : "2021-08-09T23:42:30.163Z[UTC]",
    "searchQuery" : "low life",
    "searchInteractionURIs" : [
      "spotify:track:7EiZI6JVHllARrX9PUvAdX",
      "spotify:track:7EiZI6JVHllARrX9PUvAdX"
    ]
  },
  {
    "platform" : "ANDROID",
    "searchTime" : "2021-08-13T04:10:27.194Z[UTC]",
    "searchQuery" : "blink",
    "searchInteractionURIs" : [
      "spotify:artist:6FBDaR13swtiWwGhX1WQsP"
    ]
  },
  {
    "platform" : "ANDROID",
    "searchTime" : "2021-08-16T22:51:51.402Z[UTC]",
    "searchQuery" : "lamb of ",
    "searchInteractionURIs" : [
      "spotify:artist:3JFsVIxOn7STeilPICkkB2"
    ]
  },
  {
    "platform" : "ANDROID",
    "searchTime" : "2021-08-17T21:43:32.808Z[UTC]",
    "searchQuery" : "bones",
    "searchInteractionURIs" : [
    ]
  },
  {
    "platform" : "ANDROID",
    "searchTime" : "2021-08-17T21:44:11.485Z[UTC]",
    "searchQuery" : "beach",
    "searchInteractionURIs" : [
      "spotify:artist:56ZTgzPBDge0OvCGgMO3OY"
    ]
  },
  {
    "platform" : "ANDROID",
    "searchTime" : "2021-08-17T21:46:39.437Z[UTC]",
    "searchQuery" : "best ",
    "searchInteractionURIs" : [
      "spotify:artist:5YkBrE0wF8cAlq3GCOw5Eu"
    ]
  },
  {
    "platform" : "ANDROID",
    "searchTime" : "2021-08-17T21:57:36.470Z[UTC]",
    "searchQuery" : "no ",
    "searchInteractionURIs" : [
      "spotify:artist:32zeX1IoVKAGWMyy1isKUq"
    ]
  },
  {
    "platform" : "ANDROID",
    "searchTime" : "2021-08-20T17:30:57.954Z[UTC]",
    "searchQuery" : "chandler leog",
    "searchInteractionURIs" : [
      "spotify:artist:5zUeHMatct7zGjyIji9T4C"
    ]
  },
  {
    "platform" : "ANDROID",
    "searchTime" : "2021-08-20T17:32:56.470Z[UTC]",
    "searchQuery" : "kim tay",
    "searchInteractionURIs" : [
      "spotify:artist:3yF0qqHNkEaE4xc4r1b5bP"
    ]
  },
  {
    "platform" : "ANDROID",
    "searchTime" : "2021-08-22T00:53:26.691Z[UTC]",
    "searchQuery" : "tory lanez",
    "searchInteractionURIs" : [
      "spotify:artist:2jku7tDXc6XoB6MO2hFuqg"
    ]
  },
  {
    "platform" : "ANDROID",
    "searchTime" : "2021-08-22T00:53:42.197Z[UTC]",
    "searchQuery" : "tory lanez jerr",
    "searchInteractionURIs" : [
      "spotify:track:6JsHgIkMYHcbNtKfsal2Mg"
    ]
  },
  {
    "platform" : "ANDROID",
    "searchTime" : "2021-08-22T02:17:51.857Z[UTC]",
    "searchQuery" : "shooter ",
    "searchInteractionURIs" : [
      "spotify:artist:0dT2U2jUx6OmKlyeQOH8AK"
    ]
  },
  {
    "platform" : "ANDROID",
    "searchTime" : "2021-08-22T20:55:12.926Z[UTC]",
    "searchQuery" : "goj",
    "searchInteractionURIs" : [
      "spotify:artist:0GDGKpJFhVpcjIGF8N6Ewt"
    ]
  },
  {
    "platform" : "ANDROID",
    "searchTime" : "2021-08-27T22:51:48.931Z[UTC]",
    "searchQuery" : "ugly god",
    "searchInteractionURIs" : [
      "spotify:track:7EoSDrwBPUBeBEORrpvgko"
    ]
  },
  {
    "platform" : "ANDROID",
    "searchTime" : "2021-08-27T23:20:34.394Z[UTC]",
    "searchQuery" : "smooth ",
    "searchInteractionURIs" : [
    ]
  },
  {
    "platform" : "ANDROID",
    "searchTime" : "2021-08-28T00:17:40.376Z[UTC]",
    "searchQuery" : "smooth ",
    "searchInteractionURIs" : [
      "spotify:track:5z6xHjCZr7a7AIcy8sPBKy",
      "spotify:track:5z6xHjCZr7a7AIcy8sPBKy"
    ]
  },
  {
    "platform" : "ANDROID",
    "searchTime" : "2021-08-28T03:19:48.877Z[UTC]",
    "searchQuery" : "the midnight",
    "searchInteractionURIs" : [
      "spotify:artist:2NFrAuh8RQdQoS7iYFbckw"
    ]
  },
  {
    "platform" : "ANDROID",
    "searchTime" : "2021-09-01T00:42:48.843Z[UTC]",
    "searchQuery" : "ti 24s",
    "searchInteractionURIs" : [
      "spotify:track:3ssz1vdHcaHn6fVtzjP1YD",
      "spotify:track:3ssz1vdHcaHn6fVtzjP1YD"
    ]
  },
  {
    "platform" : "ANDROID",
    "searchTime" : "2021-09-03T22:41:40.069Z[UTC]",
    "searchQuery" : "joan ar",
    "searchInteractionURIs" : [
      "spotify:artist:1bdAJUX6JPsnYHbTl5jbk6"
    ]
  },
  {
    "platform" : "ANDROID",
    "searchTime" : "2021-09-03T23:12:01.890Z[UTC]",
    "searchQuery" : "ty ",
    "searchInteractionURIs" : [
      "spotify:artist:7c0XG5cIJTrrAgEC3ULPiq"
    ]
  },
  {
    "platform" : "ANDROID",
    "searchTime" : "2021-09-03T23:12:14.259Z[UTC]",
    "searchQuery" : "paranoid",
    "searchInteractionURIs" : [
      "spotify:track:0Yp3wCUpjrG7NWWPDpmQXm",
      "spotify:track:0Yp3wCUpjrG7NWWPDpmQXm"
    ]
  },
  {
    "platform" : "ANDROID",
    "searchTime" : "2021-09-03T23:26:46.722Z[UTC]",
    "searchQuery" : "weeknf",
    "searchInteractionURIs" : [
      "spotify:artist:1Xyo4u8uXC1ZmMpatF05PJ"
    ]
  },
  {
    "platform" : "ANDROID",
    "searchTime" : "2021-09-04T03:02:10.138Z[UTC]",
    "searchQuery" : "bad bunny",
    "searchInteractionURIs" : [
      "spotify:artist:4q3ewBCX7sLwd24euuV69X"
    ]
  },
  {
    "platform" : "ANDROID",
    "searchTime" : "2021-09-04T03:16:16.616Z[UTC]",
    "searchQuery" : "desp",
    "searchInteractionURIs" : [
      "spotify:track:6habFhsOp2NvshLv26DqMb"
    ]
  },
  {
    "platform" : "ANDROID",
    "searchTime" : "2021-09-04T17:17:11.085Z[UTC]",
    "searchQuery" : "alema",
    "searchInteractionURIs" : [
      "spotify:artist:4QFG9KrGWEbr6hNA58CAqE"
    ]
  },
  {
    "platform" : "ANDROID",
    "searchTime" : "2021-09-04T17:17:38.127Z[UTC]",
    "searchQuery" : "bunny ",
    "searchInteractionURIs" : [
    ]
  },
  {
    "platform" : "ANDROID",
    "searchTime" : "2021-09-05T14:52:42.123Z[UTC]",
    "searchQuery" : "surfer",
    "searchInteractionURIs" : [
      "spotify:artist:0IlQRCafsMrd0QkTRBU6n0"
    ]
  },
  {
    "platform" : "ANDROID",
    "searchTime" : "2021-09-05T15:57:59.507Z[UTC]",
    "searchQuery" : "anthem ",
    "searchInteractionURIs" : [
      "spotify:track:24CRDgNOgA72JLL7PHFjgB"
    ]
  },
  {
    "platform" : "ANDROID",
    "searchTime" : "2021-09-05T23:14:29.984Z[UTC]",
    "searchQuery" : "anthem song",
    "searchInteractionURIs" : [
      "spotify:track:24CRDgNOgA72JLL7PHFjgB"
    ]
  },
  {
    "platform" : "ANDROID",
    "searchTime" : "2021-09-06T01:00:42.719Z[UTC]",
    "searchQuery" : "1f",
    "searchInteractionURIs" : [
      "spotify:track:0aLHvSnOVvaAFk0o8UL4og"
    ]
  },
  {
    "platform" : "ANDROID",
    "searchTime" : "2021-09-06T01:41:41.850Z[UTC]",
    "searchQuery" : "1f",
    "searchInteractionURIs" : [
    ]
  },
  {
    "platform" : "ANDROID",
    "searchTime" : "2021-09-07T18:27:40.374Z[UTC]",
    "searchQuery" : "firew",
    "searchInteractionURIs" : [
      "spotify:track:4VG5jWn1LdOt1R6KmmBsYJ"
    ]
  },
  {
    "platform" : "ANDROID",
    "searchTime" : "2021-09-11T02:51:29.170Z[UTC]",
    "searchQuery" : "Envidioso Ozuna & Ovi",
    "searchInteractionURIs" : [
      "spotify:playlist:57n4oCqf2HAzQ4z6CUYO3J"
    ]
  },
  {
    "platform" : "ANDROID",
    "searchTime" : "2021-09-11T21:04:29.001Z[UTC]",
    "searchQuery" : "young dread",
    "searchInteractionURIs" : [
      "spotify:artist:2OpKb0ODVpWzQpnTcrwwL6"
    ]
  },
  {
    "platform" : "ANDROID",
    "searchTime" : "2021-09-12T01:18:52.783Z[UTC]",
    "searchQuery" : "marvins r",
    "searchInteractionURIs" : [
    ]
  },
  {
    "platform" : "ANDROID",
    "searchTime" : "2021-09-12T17:59:04.296Z[UTC]",
    "searchQuery" : "dmx",
    "searchInteractionURIs" : [
      "spotify:artist:1HwM5zlC5qNWhJtM00yXzG"
    ]
  },
  {
    "platform" : "ANDROID",
    "searchTime" : "2021-09-13T00:28:27.093Z[UTC]",
    "searchQuery" : "moneybag",
    "searchInteractionURIs" : [
      "spotify:artist:3tJoFztHeIJkJWMrx0td2f"
    ]
  },
  {
    "platform" : "ANDROID",
    "searchTime" : "2021-09-13T00:57:34.857Z[UTC]",
    "searchQuery" : "drale",
    "searchInteractionURIs" : [
      "spotify:artist:3TVXtAsR1Inumwj472S9r4"
    ]
  },
  {
    "platform" : "ANDROID",
    "searchTime" : "2021-09-13T03:20:28.475Z[UTC]",
    "searchQuery" : "cults",
    "searchInteractionURIs" : [
      "spotify:artist:3Oim8XBPbznAa8Jj8QzNc8"
    ]
  },
  {
    "platform" : "ANDROID",
    "searchTime" : "2021-09-14T00:02:42.593Z[UTC]",
    "searchQuery" : "mood sw",
    "searchInteractionURIs" : [
      "spotify:track:5rZlwNFl01HqLWBQGryKSm",
      "spotify:track:5rZlwNFl01HqLWBQGryKSm"
    ]
  },
  {
    "platform" : "ANDROID",
    "searchTime" : "2021-09-14T00:07:03.398Z[UTC]",
    "searchQuery" : "delta",
    "searchInteractionURIs" : [
      "spotify:artist:05MlomiA9La0OiNIAGqECk"
    ]
  },
  {
    "platform" : "ANDROID",
    "searchTime" : "2021-09-14T20:58:58.221Z[UTC]",
    "searchQuery" : "flash",
    "searchInteractionURIs" : [
      "spotify:track:49E8D3Juyz6ijW153r9gS7"
    ]
  },
  {
    "platform" : "ANDROID",
    "searchTime" : "2021-09-14T22:26:53.409Z[UTC]",
    "searchQuery" : "mood sw",
    "searchInteractionURIs" : [
      "spotify:track:5rZlwNFl01HqLWBQGryKSm",
      "spotify:track:5rZlwNFl01HqLWBQGryKSm"
    ]
  },
  {
    "platform" : "ANDROID",
    "searchTime" : "2021-09-15T20:50:51.960Z[UTC]",
    "searchQuery" : "belly week",
    "searchInteractionURIs" : [
      "spotify:track:5e9aFSdnkQUrm5y8Dhw0qN"
    ]
  },
  {
    "platform" : "ANDROID",
    "searchTime" : "2021-09-15T22:59:34.993Z[UTC]",
    "searchQuery" : "belly week",
    "searchInteractionURIs" : [
      "spotify:track:5e9aFSdnkQUrm5y8Dhw0qN",
      "spotify:track:5e9aFSdnkQUrm5y8Dhw0qN"
    ]
  },
  {
    "platform" : "ANDROID",
    "searchTime" : "2021-09-16T22:50:27.010Z[UTC]",
    "searchQuery" : "juicy j",
    "searchInteractionURIs" : [
      "spotify:artist:5gCRApTajqwbnHHPbr2Fpi"
    ]
  },
  {
    "platform" : "ANDROID",
    "searchTime" : "2021-09-17T06:20:00.427Z[UTC]",
    "searchQuery" : "han solo",
    "searchInteractionURIs" : [
      "spotify:track:0KZxXdwn25t0qTw4Dvd8fw"
    ]
  },
  {
    "platform" : "ANDROID",
    "searchTime" : "2021-09-18T22:51:15.088Z[UTC]",
    "searchQuery" : "rich homi",
    "searchInteractionURIs" : [
      "spotify:artist:5lHRUCqkQZCIWeX7xG4sYT"
    ]
  },
  {
    "platform" : "ANDROID",
    "searchTime" : "2021-09-19T00:24:03.366Z[UTC]",
    "searchQuery" : "lil uzi",
    "searchInteractionURIs" : [
      "spotify:artist:4O15NlyKLIASxsJ0PrXPfz"
    ]
  },
  {
    "platform" : "ANDROID",
    "searchTime" : "2021-09-19T22:35:26.342Z[UTC]",
    "searchQuery" : "alien ant farm",
    "searchInteractionURIs" : [
      "spotify:track:5z6xHjCZr7a7AIcy8sPBKy"
    ]
  },
  {
    "platform" : "ANDROID",
    "searchTime" : "2021-09-20T00:40:42.153Z[UTC]",
    "searchQuery" : "alien ant farmm",
    "searchInteractionURIs" : [
    ]
  },
  {
    "platform" : "ANDROID",
    "searchTime" : "2021-09-23T01:00:34.676Z[UTC]",
    "searchQuery" : "pantrr",
    "searchInteractionURIs" : [
    ]
  },
  {
    "platform" : "ANDROID",
    "searchTime" : "2021-09-23T01:00:38.537Z[UTC]",
    "searchQuery" : "hovv",
    "searchInteractionURIs" : [
      "spotify:artist:59RNNqeEfkq3X5pfOQxZ3C"
    ]
  },
  {
    "platform" : "ANDROID",
    "searchTime" : "2021-09-23T01:08:10.079Z[UTC]",
    "searchQuery" : "panrer",
    "searchInteractionURIs" : [
      "spotify:artist:14pVkFUHDL207LzLHtSA18"
    ]
  },
  {
    "platform" : "ANDROID",
    "searchTime" : "2021-09-23T01:17:58.979Z[UTC]",
    "searchQuery" : "dayglow",
    "searchInteractionURIs" : [
      "spotify:artist:6eJa3zG1QZLRB3xgRuyxbm"
    ]
  },
  {
    "platform" : "ANDROID",
    "searchTime" : "2021-09-23T01:18:19.888Z[UTC]",
    "searchQuery" : "andrew bird",
    "searchInteractionURIs" : [
      "spotify:artist:4uSftVc3FPWe6RJuMZNEe9"
    ]
  },
  {
    "platform" : "ANDROID",
    "searchTime" : "2021-09-23T03:33:13.722Z[UTC]",
    "searchQuery" : "washed out",
    "searchInteractionURIs" : [
      "spotify:artist:5juOkIIy18sFw9L30syt1Z"
    ]
  },
  {
    "platform" : "ANDROID",
    "searchTime" : "2021-09-23T05:19:52.893Z[UTC]",
    "searchQuery" : "ryan ",
    "searchInteractionURIs" : [
      "spotify:artist:31z9f9AyPawiq0qlBO1M3i"
    ]
  },
  {
    "platform" : "ANDROID",
    "searchTime" : "2021-09-23T05:20:19.597Z[UTC]",
    "searchQuery" : "the cure",
    "searchInteractionURIs" : [
      "spotify:artist:7bu3H8JO7d0UbMoVzbo70s"
    ]
  },
  {
    "platform" : "ANDROID",
    "searchTime" : "2021-09-26T02:41:04.663Z[UTC]",
    "searchQuery" : "kim taylo",
    "searchInteractionURIs" : [
      "spotify:artist:3yF0qqHNkEaE4xc4r1b5bP"
    ]
  },
  {
    "platform" : "ANDROID",
    "searchTime" : "2021-09-26T02:42:26.252Z[UTC]",
    "searchQuery" : "oliver",
    "searchInteractionURIs" : [
      "spotify:artist:6TLwD7HPWuiOzvXEa3oCNe"
    ]
  },
  {
    "platform" : "ANDROID",
    "searchTime" : "2021-09-26T02:43:05.920Z[UTC]",
    "searchQuery" : "whet",
    "searchInteractionURIs" : [
      "spotify:artist:0vqJkZ0RpLZixt3lTmD8vP"
    ]
  },
  {
    "platform" : "ANDROID",
    "searchTime" : "2021-09-26T02:43:17.105Z[UTC]",
    "searchQuery" : "whethan Oliver",
    "searchInteractionURIs" : [
      "spotify:track:556l9P7WVZVyYUBjT1YFTT"
    ]
  },
  {
    "platform" : "ANDROID",
    "searchTime" : "2021-09-26T02:46:48.528Z[UTC]",
    "searchQuery" : "kim tay",
    "searchInteractionURIs" : [
      "spotify:artist:3yF0qqHNkEaE4xc4r1b5bP"
    ]
  },
  {
    "platform" : "ANDROID",
    "searchTime" : "2021-09-26T02:50:19.243Z[UTC]",
    "searchQuery" : "smash ",
    "searchInteractionURIs" : [
      "spotify:artist:2iEvnFsWxR0Syqu2JNopAd"
    ]
  },
  {
    "platform" : "ANDROID",
    "searchTime" : "2021-09-27T04:57:27.953Z[UTC]",
    "searchQuery" : "paul wall",
    "searchInteractionURIs" : [
      "spotify:artist:0k7Xl1pqI3tu8sSEjo5oEg"
    ]
  },
  {
    "platform" : "ANDROID",
    "searchTime" : "2021-09-28T00:46:20.384Z[UTC]",
    "searchQuery" : "uzi ",
    "searchInteractionURIs" : [
      "spotify:artist:4O15NlyKLIASxsJ0PrXPfz"
    ]
  },
  {
    "platform" : "ANDROID",
    "searchTime" : "2021-09-29T01:58:15.987Z[UTC]",
    "searchQuery" : "the midnight",
    "searchInteractionURIs" : [
      "spotify:artist:2NFrAuh8RQdQoS7iYFbckw",
      "spotify:artist:2NFrAuh8RQdQoS7iYFbckw"
    ]
  },
  {
    "platform" : "ANDROID",
    "searchTime" : "2021-09-30T22:52:51.324Z[UTC]",
    "searchQuery" : "tokyo",
    "searchInteractionURIs" : [
      "spotify:artist:3wyfo3svXNWnszGAEVey11"
    ]
  },
  {
    "platform" : "ANDROID",
    "searchTime" : "2021-10-01T01:43:14.902Z[UTC]",
    "searchQuery" : "fm",
    "searchInteractionURIs" : [
      "spotify:artist:1xvEo98zythSrgN69GQevk"
    ]
  },
  {
    "platform" : "ANDROID",
    "searchTime" : "2021-10-01T03:38:13.727Z[UTC]",
    "searchQuery" : "fm",
    "searchInteractionURIs" : [
      "spotify:artist:78eLUMRVVuDlDgcvYCYDCf"
    ]
  },
  {
    "platform" : "ANDROID",
    "searchTime" : "2021-10-02T21:44:54.784Z[UTC]",
    "searchQuery" : "kygo",
    "searchInteractionURIs" : [
      "spotify:artist:23fqKkggKUBHNkbKtXEls4"
    ]
  },
  {
    "platform" : "ANDROID",
    "searchTime" : "2021-10-02T23:58:37.172Z[UTC]",
    "searchQuery" : "macl",
    "searchInteractionURIs" : [
      "spotify:artist:3JhNCzhSMTxs9WLGJJxWOY"
    ]
  }
]